label,index,dataset,pattern,window,ops_done,inserts_done,window_mops,index_bytes,data_bytes,counters
hot_w0.1,stdmap,synthetic:lognormal,hotrange,0,20000,9863,2.25424,32315616,16157808,
hot_w0.1,stdmap,synthetic:lognormal,hotrange,1,40000,19915,3.70571,32637280,16318640,
hot_w0.1,stdmap,synthetic:lognormal,hotrange,2,60000,29968,3.96501,32958976,16479488,
hot_w0.1,stdmap,synthetic:lognormal,hotrange,3,80000,40080,4.32713,33282560,16641280,
hot_w0.1,stdmap,synthetic:lognormal,hotrange,4,100000,50032,4.19397,33601024,16800512,
hot_w0.1,stdmap,synthetic:lognormal,hotrange,5,120000,59880,4.48091,33916160,16958080,
hot_w0.1,stdmap,synthetic:lognormal,hotrange,6,140000,69955,4.43357,34238560,17119280,
hot_w0.1,stdmap,synthetic:lognormal,hotrange,7,160000,79797,4.34083,34553504,17276752,
hot_w0.1,stdmap,synthetic:lognormal,hotrange,8,180000,89748,4.18848,34871936,17435968,
hot_w0.1,stdmap,synthetic:lognormal,hotrange,9,200000,99688,4.31713,35190016,17595008,
hot_w0.1,stdmap,synthetic:lognormal,hotrange,10,220000,109773,4.30019,35512736,17756368,
hot_w0.1,stdmap,synthetic:lognormal,hotrange,11,240000,119673,4.0328,35829536,17914768,
hot_w0.1,stdmap,synthetic:lognormal,hotrange,12,260000,129715,3.9843,36150880,18075440,
hot_w0.1,stdmap,synthetic:lognormal,hotrange,13,280000,139696,3.59815,36470272,18235136,
hot_w0.1,stdmap,synthetic:lognormal,hotrange,14,300000,149765,3.37693,36792480,18396240,
hot_w0.1,stdmap,synthetic:lognormal,hotrange,15,320000,159795,3.30137,37113440,18556720,
hot_w0.1,stdmap,synthetic:lognormal,hotrange,16,340000,169749,3.54526,37431968,18715984,
hot_w0.1,stdmap,synthetic:lognormal,hotrange,17,360000,179611,3.46866,37747552,18873776,
hot_w0.1,stdmap,synthetic:lognormal,hotrange,18,380000,189579,3.65865,38066528,19033264,
hot_w0.1,stdmap,synthetic:lognormal,hotrange,19,400000,199537,3.58747,38385184,19192592,
hot_w0.1,stdmap,synthetic:lognormal,hotrange,20,420000,209514,3.4128,38704448,19352224,
hot_w0.1,stdmap,synthetic:lognormal,hotrange,21,440000,219458,3.72674,39022656,19511328,
hot_w0.1,stdmap,synthetic:lognormal,hotrange,22,460000,229222,3.73314,39335104,19667552,
hot_w0.1,stdmap,synthetic:lognormal,hotrange,23,480000,239230,3.53269,39655360,19827680,
hot_w0.1,stdmap,synthetic:lognormal,hotrange,24,500000,249293,3.80768,39977376,19988688,
hot_w0.1,stdmap,synthetic:lognormal,hotrange,25,520000,259205,3.62623,40294560,20147280,
hot_w0.1,stdmap,synthetic:lognormal,hotrange,26,540000,269186,3.30946,40613952,20306976,
hot_w0.1,stdmap,synthetic:lognormal,hotrange,27,560000,279153,3.7257,40932896,20466448,
hot_w0.1,stdmap,synthetic:lognormal,hotrange,28,580000,289179,3.89099,41253728,20626864,
hot_w0.1,stdmap,synthetic:lognormal,hotrange,29,600000,299167,3.8178,41573344,20786672,
hot_w0.1,stdmap,synthetic:lognormal,hotrange,30,620000,309056,3.42083,41889792,20944896,
hot_w0.1,stdmap,synthetic:lognormal,hotrange,31,640000,319043,3.73247,42209376,21104688,
hot_w0.1,stdmap,synthetic:lognormal,hotrange,32,660000,328941,3.81886,42526112,21263056,
hot_w0.1,stdmap,synthetic:lognormal,hotrange,33,680000,338977,3.70857,42847264,21423632,
hot_w0.1,stdmap,synthetic:lognormal,hotrange,34,700000,349040,3.83429,43169280,21584640,
hot_w0.1,stdmap,synthetic:lognormal,hotrange,35,720000,359066,3.63237,43490112,21745056,
hot_w0.1,stdmap,synthetic:lognormal,hotrange,36,740000,369123,3.71362,43811936,21905968,
hot_w0.1,stdmap,synthetic:lognormal,hotrange,37,760000,379199,3.80874,44134368,22067184,
hot_w0.1,stdmap,synthetic:lognormal,hotrange,38,780000,389144,3.68998,44452608,22226304,
hot_w0.1,stdmap,synthetic:lognormal,hotrange,39,800000,399249,3.69094,44775968,22387984,
hot_w0.1,stdmap,synthetic:lognormal,hotrange,40,820000,409211,3.42833,45094752,22547376,
hot_w0.1,stdmap,synthetic:lognormal,hotrange,41,840000,419310,3.5411,45417920,22708960,
hot_w0.1,stdmap,synthetic:lognormal,hotrange,42,860000,429380,3.45498,45740160,22870080,
hot_w0.1,stdmap,synthetic:lognormal,hotrange,43,880000,439338,3.78242,46058816,23029408,
hot_w0.1,stdmap,synthetic:lognormal,hotrange,44,900000,449234,3.59796,46375488,23187744,
hot_w0.1,stdmap,synthetic:lognormal,hotrange,45,920000,459329,3.53385,46698528,23349264,
hot_w0.1,stdmap,synthetic:lognormal,hotrange,46,940000,469362,3.58319,47019584,23509792,
hot_w0.1,stdmap,synthetic:lognormal,hotrange,47,960000,479399,3.55698,47340768,23670384,
hot_w0.1,stdmap,synthetic:lognormal,hotrange,48,980000,489432,3.4801,47661824,23830912,
hot_w0.1,stdmap,synthetic:lognormal,hotrange,49,1000000,499543,3.6186,47985376,23992688,
hot_w0.1,stdmap,synthetic:lognormal,hotrange,50,1020000,509606,3.52343,48307392,24153696,
hot_w0.1,stdmap,synthetic:lognormal,hotrange,51,1040000,519615,3.53188,48627680,24313840,
hot_w0.1,stdmap,synthetic:lognormal,hotrange,52,1060000,529577,3.20083,48946464,24473232,
hot_w0.1,stdmap,synthetic:lognormal,hotrange,53,1080000,539515,3.29462,49264480,24632240,
hot_w0.1,stdmap,synthetic:lognormal,hotrange,54,1100000,549508,3.33169,49584256,24792128,
hot_w0.1,stdmap,synthetic:lognormal,hotrange,55,1120000,559598,3.40189,49907136,24953568,
hot_w0.1,stdmap,synthetic:lognormal,hotrange,56,1140000,569547,3.42353,50225504,25112752,
hot_w0.1,stdmap,synthetic:lognormal,hotrange,57,1160000,579681,3.47768,50549792,25274896,
hot_w0.1,stdmap,synthetic:lognormal,hotrange,58,1180000,589717,3.17012,50870944,25435472,
hot_w0.1,stdmap,synthetic:lognormal,hotrange,59,1200000,599772,3.2288,51192704,25596352,
hot_w0.1,stdmap,synthetic:lognormal,hotrange,60,1220000,609836,3.3912,51514752,25757376,
hot_w0.1,stdmap,synthetic:lognormal,hotrange,61,1240000,619876,3.45587,51836032,25918016,
hot_w0.1,stdmap,synthetic:lognormal,hotrange,62,1260000,629995,3.35266,52159840,26079920,
hot_w0.1,stdmap,synthetic:lognormal,hotrange,63,1280000,640039,3.36288,52481248,26240624,
hot_w0.1,stdmap,synthetic:lognormal,hotrange,64,1300000,650158,3.17574,52805056,26402528,
hot_w0.1,stdmap,synthetic:lognormal,hotrange,65,1320000,660201,3.31469,53126432,26563216,
hot_w0.1,stdmap,synthetic:lognormal,hotrange,66,1340000,670151,3.45331,53444832,26722416,
hot_w0.1,stdmap,synthetic:lognormal,hotrange,67,1360000,680132,3.31338,53764224,26882112,
hot_w0.1,stdmap,synthetic:lognormal,hotrange,68,1380000,690143,3.45354,54084576,27042288,
hot_w0.1,stdmap,synthetic:lognormal,hotrange,69,1400000,700218,3.3756,54406976,27203488,
hot_w0.1,stdmap,synthetic:lognormal,hotrange,70,1420000,710291,3.24968,54729312,27364656,
hot_w0.1,stdmap,synthetic:lognormal,hotrange,71,1440000,720231,3.33502,55047392,27523696,
hot_w0.1,stdmap,synthetic:lognormal,hotrange,72,1460000,730067,3.26791,55362144,27681072,
hot_w0.1,stdmap,synthetic:lognormal,hotrange,73,1480000,740048,3.21604,55681536,27840768,
hot_w0.1,stdmap,synthetic:lognormal,hotrange,74,1500000,750012,3.16934,56000384,28000192,
hot_w0.1,stdmap,synthetic:lognormal,hotrange,75,1520000,759882,3.12413,56316224,28158112,
hot_w0.1,stdmap,synthetic:lognormal,hotrange,76,1540000,770030,2.65038,56640960,28320480,
hot_w0.1,stdmap,synthetic:lognormal,hotrange,77,1560000,780147,2.69524,56964704,28482352,
hot_w0.1,stdmap,synthetic:lognormal,hotrange,78,1580000,790078,3.06384,57282496,28641248,
hot_w0.1,stdmap,synthetic:lognormal,hotrange,79,1600000,800166,3.19015,57605312,28802656,
hot_w0.1,stdmap,synthetic:lognormal,hotrange,80,1620000,810260,2.97861,57928320,28964160,
hot_w0.1,stdmap,synthetic:lognormal,hotrange,81,1640000,820175,3.25027,58245600,29122800,
hot_w0.1,stdmap,synthetic:lognormal,hotrange,82,1660000,830057,3.26857,58561824,29280912,
hot_w0.1,stdmap,synthetic:lognormal,hotrange,83,1680000,839997,3.09623,58879904,29439952,
hot_w0.1,stdmap,synthetic:lognormal,hotrange,84,1700000,850092,3.23134,59202944,29601472,
hot_w0.1,stdmap,synthetic:lognormal,hotrange,85,1720000,860165,3.06878,59525280,29762640,
hot_w0.1,stdmap,synthetic:lognormal,hotrange,86,1740000,870178,2.90295,59845696,29922848,
hot_w0.1,stdmap,synthetic:lognormal,hotrange,87,1760000,880134,3.01233,60164288,30082144,
hot_w0.1,stdmap,synthetic:lognormal,hotrange,88,1780000,890177,2.99313,60485664,30242832,
hot_w0.1,stdmap,synthetic:lognormal,hotrange,89,1800000,900060,3.19589,60801920,30400960,
hot_w0.1,stdmap,synthetic:lognormal,hotrange,90,1820000,910029,3.16027,61120928,30560464,
hot_w0.1,stdmap,synthetic:lognormal,hotrange,91,1840000,920086,2.93625,61442752,30721376,
hot_w0.1,stdmap,synthetic:lognormal,hotrange,92,1860000,930139,3.02555,61764448,30882224,
hot_w0.1,stdmap,synthetic:lognormal,hotrange,93,1880000,940184,2.8462,62085888,31042944,
hot_w0.1,stdmap,synthetic:lognormal,hotrange,94,1900000,950167,3.12592,62405344,31202672,
hot_w0.1,stdmap,synthetic:lognormal,hotrange,95,1920000,960196,3.07521,62726272,31363136,
hot_w0.1,stdmap,synthetic:lognormal,hotrange,96,1940000,970255,2.9707,63048160,31524080,
hot_w0.1,stdmap,synthetic:lognormal,hotrange,97,1960000,980196,3.07255,63366272,31683136,
hot_w0.1,stdmap,synthetic:lognormal,hotrange,98,1980000,990225,2.96223,63687200,31843600,
hot_w0.1,stdmap,synthetic:lognormal,hotrange,99,2000000,1000304,3.10438,64009728,32004864,
hot_w0.01,stdmap,synthetic:lognormal,hotrange,0,20000,9956,2.14419,32318592,16159296,
hot_w0.01,stdmap,synthetic:lognormal,hotrange,1,40000,20038,3.54767,32641216,16320608,
hot_w0.01,stdmap,synthetic:lognormal,hotrange,2,60000,30032,3.20233,32961024,16480512,
hot_w0.01,stdmap,synthetic:lognormal,hotrange,3,80000,40043,3.38622,33281376,16640688,
hot_w0.01,stdmap,synthetic:lognormal,hotrange,4,100000,50053,3.52939,33601696,16800848,
hot_w0.01,stdmap,synthetic:lognormal,hotrange,5,120000,59903,3.29137,33916896,16958448,
hot_w0.01,stdmap,synthetic:lognormal,hotrange,6,140000,69905,3.33669,34236960,17118480,
hot_w0.01,stdmap,synthetic:lognormal,hotrange,7,160000,79790,3.51625,34553280,17276640,
hot_w0.01,stdmap,synthetic:lognormal,hotrange,8,180000,89744,3.34646,34871808,17435904,
hot_w0.01,stdmap,synthetic:lognormal,hotrange,9,200000,99768,3.35989,35192576,17596288,
hot_w0.01,stdmap,synthetic:lognormal,hotrange,10,220000,109881,3.30547,35516192,17758096,
hot_w0.01,stdmap,synthetic:lognormal,hotrange,11,240000,119827,3.31087,35834464,17917232,
hot_w0.01,stdmap,synthetic:lognormal,hotrange,12,260000,129810,3.22952,36153920,18076960,
hot_w0.01,stdmap,synthetic:lognormal,hotrange,13,280000,139744,3.57207,36471808,18235904,
hot_w0.01,stdmap,synthetic:lognormal,hotrange,14,300000,149741,3.38123,36791712,18395856,
hot_w0.01,stdmap,synthetic:lognormal,hotrange,15,320000,159768,3.59427,37112576,18556288,
hot_w0.01,stdmap,synthetic:lognormal,hotrange,16,340000,169742,3.80343,37431744,18715872,
hot_w0.01,stdmap,synthetic:lognormal,hotrange,17,360000,179768,3.72489,37752576,18876288,
hot_w0.01,stdmap,synthetic:lognormal,hotrange,18,380000,189817,3.93998,38074144,19037072,
hot_w0.01,stdmap,synthetic:lognormal,hotrange,19,400000,199744,3.69313,38391808,19195904,
hot_w0.01,stdmap,synthetic:lognormal,hotrange,20,420000,209758,3.73523,38712256,19356128,
hot_w0.01,stdmap,synthetic:lognormal,hotrange,21,440000,219696,3.81862,39030272,19515136,
hot_w0.01,stdmap,synthetic:lognormal,hotrange,22,460000,229542,3.75396,39345344,19672672,
hot_w0.01,stdmap,synthetic:lognormal,hotrange,23,480000,239617,3.751,39667744,19833872,
hot_w0.01,stdmap,synthetic:lognormal,hotrange,24,500000,249497,3.88089,39983904,19991952,
hot_w0.01,stdmap,synthetic:lognormal,hotrange,25,520000,259449,3.78489,40302368,20151184,
hot_w0.01,stdmap,synthetic:lognormal,hotrange,26,540000,269561,3.29933,40625952,20312976,
hot_w0.01,stdmap,synthetic:lognormal,hotrange,27,560000,279542,3.58081,40945344,20472672,
hot_w0.01,stdmap,synthetic:lognormal,hotrange,28,580000,289575,3.62754,41266400,20633200,
hot_w0.01,stdmap,synthetic:lognormal,hotrange,29,600000,299595,3.62645,41587040,20793520,
hot_w0.01,stdmap,synthetic:lognormal,hotrange,30,620000,309547,3.70402,41905504,20952752,
hot_w0.01,stdmap,synthetic:lognormal,hotrange,31,640000,319508,3.81573,42224256,21112128,
hot_w0.01,stdmap,synthetic:lognormal,hotrange,32,660000,329429,3.59437,42541728,21270864,
hot_w0.01,stdmap,synthetic:lognormal,hotrange,33,680000,339410,3.64443,42861120,21430560,
hot_w0.01,stdmap,synthetic:lognormal,hotrange,34,700000,349458,3.63708,43182656,21591328,
hot_w0.01,stdmap,synthetic:lognormal,hotrange,35,720000,359458,3.47932,43502656,21751328,
hot_w0.01,stdmap,synthetic:lognormal,hotrange,36,740000,369399,3.52521,43820768,21910384,
hot_w0.01,stdmap,synthetic:lognormal,hotrange,37,760000,379495,3.50071,44143840,22071920,
hot_w0.01,stdmap,synthetic:lognormal,hotrange,38,780000,389459,3.38918,44462688,22231344,
hot_w0.01,stdmap,synthetic:lognormal,hotrange,39,800000,399647,3.58062,44788704,22394352,
hot_w0.01,stdmap,synthetic:lognormal,hotrange,40,820000,409671,3.70716,45109472,22554736,
hot_w0.01,stdmap,synthetic:lognormal,hotrange,41,840000,419710,3.41069,45430720,22715360,
hot_w0.01,stdmap,synthetic:lognormal,hotrange,42,860000,429720,3.54168,45751040,22875520,
hot_w0.01,stdmap,synthetic:lognormal,hotrange,43,880000,439671,3.5003,46069472,23034736,
hot_w0.01,stdmap,synthetic:lognormal,hotrange,44,900000,449665,3.05049,46389280,23194640,
hot_w0.01,stdmap,synthetic:lognormal,hotrange,45,920000,459723,3.42287,46711136,23355568,
hot_w0.01,stdmap,synthetic:lognormal,hotrange,46,940000,469719,3.266,47031008,23515504,
hot_w0.01,stdmap,synthetic:lognormal,hotrange,47,960000,479727,2.93094,47351264,23675632,
hot_w0.01,stdmap,synthetic:lognormal,hotrange,48,980000,489682,3.40375,47669824,23834912,
hot_w0.01,stdmap,synthetic:lognormal,hotrange,49,1000000,499740,3.38904,47991680,23995840,
hot_w0.01,stdmap,synthetic:lognormal,hotrange,50,1020000,509850,3.2618,48315200,24157600,
hot_w0.01,stdmap,synthetic:lognormal,hotrange,51,1040000,519782,3.22889,48633024,24316512,
hot_w0.01,stdmap,synthetic:lognormal,hotrange,52,1060000,529739,3.15781,48951648,24475824,
hot_w0.01,stdmap,synthetic:lognormal,hotrange,53,1080000,539686,3.33127,49269952,24634976,
hot_w0.01,stdmap,synthetic:lognormal,hotrange,54,1100000,549673,3.31732,49589536,24794768,
hot_w0.01,stdmap,synthetic:lognormal,hotrange,55,1120000,559711,3.19431,49910752,24955376,
hot_w0.01,stdmap,synthetic:lognormal,hotrange,56,1140000,569814,3.22418,50234048,25117024,
hot_w0.01,stdmap,synthetic:lognormal,hotrange,57,1160000,579892,2.86372,50556544,25278272,
hot_w0.01,stdmap,synthetic:lognormal,hotrange,58,1180000,589936,3.07133,50877952,25438976,
hot_w0.01,stdmap,synthetic:lognormal,hotrange,59,1200000,599931,3.14762,51197792,25598896,
hot_w0.01,stdmap,synthetic:lognormal,hotrange,60,1220000,610015,3.13263,51520480,25760240,
hot_w0.01,stdmap,synthetic:lognormal,hotrange,61,1240000,620108,3.19787,51843456,25921728,
hot_w0.01,stdmap,synthetic:lognormal,hotrange,62,1260000,630077,2.97131,52162464,26081232,
hot_w0.01,stdmap,synthetic:lognormal,hotrange,63,1280000,640106,2.85017,52483392,26241696,
hot_w0.01,stdmap,synthetic:lognormal,hotrange,64,1300000,650171,3.09789,52805472,26402736,
hot_w0.01,stdmap,synthetic:lognormal,hotrange,65,1320000,660194,2.99112,53126208,26563104,
hot_w0.01,stdmap,synthetic:lognormal,hotrange,66,1340000,670148,3.03364,53444736,26722368,
hot_w0.01,stdmap,synthetic:lognormal,hotrange,67,1360000,680095,3.01462,53763040,26881520,
hot_w0.01,stdmap,synthetic:lognormal,hotrange,68,1380000,690252,2.9496,54088064,27044032,
hot_w0.01,stdmap,synthetic:lognormal,hotrange,69,1400000,700325,3.10402,54410400,27205200,
hot_w0.01,stdmap,synthetic:lognormal,hotrange,70,1420000,710376,2.74091,54732032,27366016,
hot_w0.01,stdmap,synthetic:lognormal,hotrange,71,1440000,720192,2.81851,55046144,27523072,
hot_w0.01,stdmap,synthetic:lognormal,hotrange,72,1460000,730211,2.91298,55366752,27683376,
hot_w0.01,stdmap,synthetic:lognormal,hotrange,73,1480000,740225,2.94062,55687200,27843600,
hot_w0.01,stdmap,synthetic:lognormal,hotrange,74,1500000,750253,2.96371,56008096,28004048,
hot_w0.01,stdmap,synthetic:lognormal,hotrange,75,1520000,760254,2.71278,56328128,28164064,
hot_w0.01,stdmap,synthetic:lognormal,hotrange,76,1540000,770292,3.03467,56649344,28324672,
hot_w0.01,stdmap,synthetic:lognormal,hotrange,77,1560000,780258,2.93429,56968256,28484128,
hot_w0.01,stdmap,synthetic:lognormal,hotrange,78,1580000,790106,3.04119,57283392,28641696,
hot_w0.01,stdmap,synthetic:lognormal,hotrange,79,1600000,800135,3.0164,57604320,28802160,
hot_w0.01,stdmap,synthetic:lognormal,hotrange,80,1620000,810155,2.49282,57924960,28962480,
hot_w0.01,stdmap,synthetic:lognormal,hotrange,81,1640000,820094,2.80966,58243008,29121504,
hot_w0.01,stdmap,synthetic:lognormal,hotrange,82,1660000,830185,2.75815,58565920,29282960,
hot_w0.01,stdmap,synthetic:lognormal,hotrange,83,1680000,840161,2.86951,58885152,29442576,
hot_w0.01,stdmap,synthetic:lognormal,hotrange,84,1700000,850199,2.80267,59206368,29603184,
hot_w0.01,stdmap,synthetic:lognormal,hotrange,85,1720000,860175,2.51487,59525600,29762800,
hot_w0.01,stdmap,synthetic:lognormal,hotrange,86,1740000,870239,2.36036,59847648,29923824,
hot_w0.01,stdmap,synthetic:lognormal,hotrange,87,1760000,880093,2.27309,60162976,30081488,
hot_w0.01,stdmap,synthetic:lognormal,hotrange,88,1780000,890021,2.0425,60480672,30240336,
hot_w0.01,stdmap,synthetic:lognormal,hotrange,89,1800000,899925,2.15274,60797600,30398800,
hot_w0.01,stdmap,synthetic:lognormal,hotrange,90,1820000,909916,2.00437,61117312,30558656,
hot_w0.01,stdmap,synthetic:lognormal,hotrange,91,1840000,919974,2.32164,61439168,30719584,
hot_w0.01,stdmap,synthetic:lognormal,hotrange,92,1860000,929858,2.31179,61755456,30877728,
hot_w0.01,stdmap,synthetic:lognormal,hotrange,93,1880000,939840,2.15384,62074880,31037440,
hot_w0.01,stdmap,synthetic:lognormal,hotrange,94,1900000,949923,2.41772,62397536,31198768,
hot_w0.01,stdmap,synthetic:lognormal,hotrange,95,1920000,960015,2.65673,62720480,31360240,
hot_w0.01,stdmap,synthetic:lognormal,hotrange,96,1940000,969935,2.50269,63037920,31518960,
hot_w0.01,stdmap,synthetic:lognormal,hotrange,97,1960000,980033,2.64333,63361056,31680528,
hot_w0.01,stdmap,synthetic:lognormal,hotrange,98,1980000,990120,2.61234,63683840,31841920,
hot_w0.01,stdmap,synthetic:lognormal,hotrange,99,2000000,1000051,2.63278,64001632,32000816,
hot_w0.001,stdmap,synthetic:lognormal,hotrange,0,20000,9916,2.02453,32317312,16158656,
hot_w0.001,stdmap,synthetic:lognormal,hotrange,1,40000,19989,3.56353,32639648,16319824,
hot_w0.001,stdmap,synthetic:lognormal,hotrange,2,60000,30132,3.62974,32964224,16482112,
hot_w0.001,stdmap,synthetic:lognormal,hotrange,3,80000,40115,4.06814,33283680,16641840,
hot_w0.001,stdmap,synthetic:lognormal,hotrange,4,100000,50021,4.12772,33600672,16800336,
hot_w0.001,stdmap,synthetic:lognormal,hotrange,5,120000,59923,4.08295,33917536,16958768,
hot_w0.001,stdmap,synthetic:lognormal,hotrange,6,140000,69966,4.29269,34238912,17119456,
hot_w0.001,stdmap,synthetic:lognormal,hotrange,7,160000,79865,4.16457,34555680,17277840,
hot_w0.001,stdmap,synthetic:lognormal,hotrange,8,180000,89831,4.00922,34874592,17437296,
hot_w0.001,stdmap,synthetic:lognormal,hotrange,9,200000,99872,3.99544,35195904,17597952,
hot_w0.001,stdmap,synthetic:lognormal,hotrange,10,220000,109944,4.09382,35518208,17759104,
hot_w0.001,stdmap,synthetic:lognormal,hotrange,11,240000,119896,4.18417,35836672,17918336,
hot_w0.001,stdmap,synthetic:lognormal,hotrange,12,260000,129767,4.0432,36152544,18076272,
hot_w0.001,stdmap,synthetic:lognormal,hotrange,13,280000,139757,3.93166,36472224,18236112,
hot_w0.001,stdmap,synthetic:lognormal,hotrange,14,300000,149798,3.93733,36793536,18396768,
hot_w0.001,stdmap,synthetic:lognormal,hotrange,15,320000,159871,3.84003,37115872,18557936,
hot_w0.001,stdmap,synthetic:lognormal,hotrange,16,340000,169932,4.00715,37437824,18718912,
hot_w0.001,stdmap,synthetic:lognormal,hotrange,17,360000,179961,4.11569,37758752,18879376,
hot_w0.001,stdmap,synthetic:lognormal,hotrange,18,380000,189982,4.02671,38079424,19039712,
hot_w0.001,stdmap,synthetic:lognormal,hotrange,19,400000,200016,3.96043,38400512,19200256,
hot_w0.001,stdmap,synthetic:lognormal,hotrange,20,420000,209981,3.54982,38719392,19359696,
hot_w0.001,stdmap,synthetic:lognormal,hotrange,21,440000,219925,3.6962,39037600,19518800,
hot_w0.001,stdmap,synthetic:lognormal,hotrange,22,460000,229755,3.62916,39352160,19676080,
hot_w0.001,stdmap,synthetic:lognormal,hotrange,23,480000,239834,3.83344,39674688,19837344,
hot_w0.001,stdmap,synthetic:lognormal,hotrange,24,500000,249762,3.61198,39992384,19996192,
hot_w0.001,stdmap,synthetic:lognormal,hotrange,25,520000,259660,3.6608,40309120,20154560,
hot_w0.001,stdmap,synthetic:lognormal,hotrange,26,540000,269778,3.34688,40632896,20316448,
hot_w0.001,stdmap,synthetic:lognormal,hotrange,27,560000,279737,3.7527,40951584,20475792,
hot_w0.001,stdmap,synthetic:lognormal,hotrange,28,580000,289783,3.68132,41273056,20636528,
hot_w0.001,stdmap,synthetic:lognormal,hotrange,29,600000,299786,3.69077,41593152,20796576,
hot_w0.001,stdmap,synthetic:lognormal,hotrange,30,620000,309802,3.65311,41913664,20956832,
hot_w0.001,stdmap,synthetic:lognormal,hotrange,31,640000,319745,3.67062,42231840,21115920,
hot_w0.001,stdmap,synthetic:lognormal,hotrange,32,660000,329685,3.45991,42549920,21274960,
hot_w0.001,stdmap,synthetic:lognormal,hotrange,33,680000,339627,3.47036,42868064,21434032,
hot_w0.001,stdmap,synthetic:lognormal,hotrange,34,700000,349674,3.5145,43189568,21594784,
hot_w0.001,stdmap,synthetic:lognormal,hotrange,35,720000,359712,3.56429,43510784,21755392,
hot_w0.001,stdmap,synthetic:lognormal,hotrange,36,740000,369800,3.5057,43833600,21916800,
hot_w0.001,stdmap,synthetic:lognormal,hotrange,37,760000,379849,3.4733,44155168,22077584,
hot_w0.001,stdmap,synthetic:lognormal,hotrange,38,780000,389965,3.27098,44478880,22239440,
hot_w0.001,stdmap,synthetic:lognormal,hotrange,39,800000,400069,3.2236,44802208,22401104,
hot_w0.001,stdmap,synthetic:lognormal,hotrange,40,820000,410103,3.38741,45123296,22561648,
hot_w0.001,stdmap,synthetic:lognormal,hotrange,41,840000,420099,3.47456,45443168,22721584,
hot_w0.001,stdmap,synthetic:lognormal,hotrange,42,860000,430090,3.38028,45762880,22881440,
hot_w0.001,stdmap,synthetic:lognormal,hotrange,43,880000,440118,3.46528,46083776,23041888,
hot_w0.001,stdmap,synthetic:lognormal,hotrange,44,900000,450088,3.3785,46402816,23201408,
hot_w0.001,stdmap,synthetic:lognormal,hotrange,45,920000,460048,3.20442,46721536,23360768,
hot_w0.001,stdmap,synthetic:lognormal,hotrange,46,940000,470136,3.31293,47044352,23522176,
hot_w0.001,stdmap,synthetic:lognormal,hotrange,47,960000,480166,3.38993,47365312,23682656,
hot_w0.001,stdmap,synthetic:lognormal,hotrange,48,980000,490244,3.2932,47687808,23843904,
hot_w0.001,stdmap,synthetic:lognormal,hotrange,49,1000000,500326,3.24809,48010432,24005216,
hot_w0.001,stdmap,synthetic:lognormal,hotrange,50,1020000,510386,3.10931,48332352,24166176,
hot_w0.001,stdmap,synthetic:lognormal,hotrange,51,1040000,520347,3.03884,48651104,24325552,
hot_w0.001,stdmap,synthetic:lognormal,hotrange,52,1060000,530185,2.84787,48965920,24482960,
hot_w0.001,stdmap,synthetic:lognormal,hotrange,53,1080000,540082,2.74312,49282624,24641312,
hot_w0.001,stdmap,synthetic:lognormal,hotrange,54,1100000,550120,2.99717,49603840,24801920,
hot_w0.001,stdmap,synthetic:lognormal,hotrange,55,1120000,560066,3.13822,49922112,24961056,
hot_w0.001,stdmap,synthetic:lognormal,hotrange,56,1140000,570108,3.07308,50243456,25121728,
hot_w0.001,stdmap,synthetic:lognormal,hotrange,57,1160000,580057,2.47881,50561824,25280912,
hot_w0.001,stdmap,synthetic:lognormal,hotrange,58,1180000,590016,2.52117,50880512,25440256,
hot_w0.001,stdmap,synthetic:lognormal,hotrange,59,1200000,600007,2.64756,51200224,25600112,
hot_w0.001,stdmap,synthetic:lognormal,hotrange,60,1220000,609981,2.77877,51519392,25759696,
hot_w0.001,stdmap,synthetic:lognormal,hotrange,61,1240000,620052,3.03266,51841664,25920832,
hot_w0.001,stdmap,synthetic:lognormal,hotrange,62,1260000,630020,2.91289,52160640,26080320,
hot_w0.001,stdmap,synthetic:lognormal,hotrange,63,1280000,640014,3.09488,52480448,26240224,
hot_w0.001,stdmap,synthetic:lognormal,hotrange,64,1300000,649979,3.09157,52799328,26399664,
hot_w0.001,stdmap,synthetic:lognormal,hotrange,65,1320000,659973,2.97435,53119136,26559568,
hot_w0.001,stdmap,synthetic:lognormal,hotrange,66,1340000,670022,3.10453,53440704,26720352,
hot_w0.001,stdmap,synthetic:lognormal,hotrange,67,1360000,680021,2.92885,53760672,26880336,
hot_w0.001,stdmap,synthetic:lognormal,hotrange,68,1380000,690136,3.08226,54084352,27042176,
hot_w0.001,stdmap,synthetic:lognormal,hotrange,69,1400000,700189,2.94601,54406048,27203024,
hot_w0.001,stdmap,synthetic:lognormal,hotrange,70,1420000,709998,2.92186,54719936,27359968,
hot_w0.001,stdmap,synthetic:lognormal,hotrange,71,1440000,719846,3.00793,55035072,27517536,
hot_w0.001,stdmap,synthetic:lognormal,hotrange,72,1460000,729919,2.80466,55357408,27678704,
hot_w0.001,stdmap,synthetic:lognormal,hotrange,73,1480000,739857,3.00342,55675424,27837712,
hot_w0.001,stdmap,synthetic:lognormal,hotrange,74,1500000,749843,2.82401,55994976,27997488,
hot_w0.001,stdmap,synthetic:lognormal,hotrange,75,1520000,759927,2.63713,56317664,28158832,
hot_w0.001,stdmap,synthetic:lognormal,hotrange,76,1540000,769896,2.82979,56636672,28318336,
hot_w0.001,stdmap,synthetic:lognormal,hotrange,77,1560000,779859,2.69707,56955488,28477744,
hot_w0.001,stdmap,synthetic:lognormal,hotrange,78,1580000,789875,2.76297,57276000,28638000,
hot_w0.001,stdmap,synthetic:lognormal,hotrange,79,1600000,799905,2.75471,57596960,28798480,
hot_w0.001,stdmap,synthetic:lognormal,hotrange,80,1620000,809878,2.70419,57916096,28958048,
hot_w0.001,stdmap,synthetic:lognormal,hotrange,81,1640000,819924,2.72651,58237568,29118784,
hot_w0.001,stdmap,synthetic:lognormal,hotrange,82,1660000,829939,2.77558,58558048,29279024,
hot_w0.001,stdmap,synthetic:lognormal,hotrange,83,1680000,839924,2.79478,58877568,29438784,
hot_w0.001,stdmap,synthetic:lognormal,hotrange,84,1700000,850019,2.65532,59200608,29600304,
hot_w0.001,stdmap,synthetic:lognormal,hotrange,85,1720000,860052,2.84326,59521664,29760832,
hot_w0.001,stdmap,synthetic:lognormal,hotrange,86,1740000,870035,2.82218,59841120,29920560,
hot_w0.001,stdmap,synthetic:lognormal,hotrange,87,1760000,879907,2.81095,60157024,30078512,
hot_w0.001,stdmap,synthetic:lognormal,hotrange,88,1780000,889893,2.53547,60476576,30238288,
hot_w0.001,stdmap,synthetic:lognormal,hotrange,89,1800000,900009,2.65941,60800288,30400144,
hot_w0.001,stdmap,synthetic:lognormal,hotrange,90,1820000,909930,2.7462,61117760,30558880,
hot_w0.001,stdmap,synthetic:lognormal,hotrange,91,1840000,920019,2.67567,61440608,30720304,
hot_w0.001,stdmap,synthetic:lognormal,hotrange,92,1860000,930115,2.61655,61763680,30881840,
hot_w0.001,stdmap,synthetic:lognormal,hotrange,93,1880000,940119,2.74562,62083808,31041904,
hot_w0.001,stdmap,synthetic:lognormal,hotrange,94,1900000,950063,2.8414,62402016,31201008,
hot_w0.001,stdmap,synthetic:lognormal,hotrange,95,1920000,960113,2.76162,62723616,31361808,
hot_w0.001,stdmap,synthetic:lognormal,hotrange,96,1940000,970124,2.71059,63043968,31521984,
hot_w0.001,stdmap,synthetic:lognormal,hotrange,97,1960000,980169,2.72664,63365408,31682704,
hot_w0.001,stdmap,synthetic:lognormal,hotrange,98,1980000,990196,2.71153,63686272,31843136,
hot_w0.001,stdmap,synthetic:lognormal,hotrange,99,2000000,1000206,2.68823,64006592,32003296,
drift_r0,stdmap,synthetic:lognormal,drift,0,20000,9964,2.67231,32318848,16159424,
drift_r0,stdmap,synthetic:lognormal,drift,1,40000,19988,5.23949,32639616,16319808,
drift_r0,stdmap,synthetic:lognormal,drift,2,60000,29972,5.88343,32959104,16479552,
drift_r0,stdmap,synthetic:lognormal,drift,3,80000,39829,6.05243,33274528,16637264,
drift_r0,stdmap,synthetic:lognormal,drift,4,100000,49846,5.7885,33595072,16797536,
drift_r0,stdmap,synthetic:lognormal,drift,5,120000,59755,6.09679,33912160,16956080,
drift_r0,stdmap,synthetic:lognormal,drift,6,140000,69833,6.12636,34234656,17117328,
drift_r0,stdmap,synthetic:lognormal,drift,7,160000,79915,6.04062,34557280,17278640,
drift_r0,stdmap,synthetic:lognormal,drift,8,180000,89842,5.88033,34874944,17437472,
drift_r0,stdmap,synthetic:lognormal,drift,9,200000,99794,5.80896,35193408,17596704,
drift_r0,stdmap,synthetic:lognormal,drift,10,220000,109885,5.88531,35516320,17758160,
drift_r0,stdmap,synthetic:lognormal,drift,11,240000,119866,5.92176,35835712,17917856,
drift_r0,stdmap,synthetic:lognormal,drift,12,260000,129952,5.54573,36158464,18079232,
drift_r0,stdmap,synthetic:lognormal,drift,13,280000,139914,5.33381,36477248,18238624,
drift_r0,stdmap,synthetic:lognormal,drift,14,300000,150045,5.46959,36801440,18400720,
drift_r0,stdmap,synthetic:lognormal,drift,15,320000,160002,5.34545,37120064,18560032,
drift_r0,stdmap,synthetic:lognormal,drift,16,340000,169800,5.29392,37433600,18716800,
drift_r0,stdmap,synthetic:lognormal,drift,17,360000,179763,4.83764,37752416,18876208,
drift_r0,stdmap,synthetic:lognormal,drift,18,380000,189828,4.78965,38074496,19037248,
drift_r0,stdmap,synthetic:lognormal,drift,19,400000,199688,5.00798,38390016,19195008,
drift_r0,stdmap,synthetic:lognormal,drift,20,420000,209682,4.97998,38709824,19354912,
drift_r0,stdmap,synthetic:lognormal,drift,21,440000,219615,4.69231,39027680,19513840,
drift_r0,stdmap,synthetic:lognormal,drift,22,460000,229501,4.6204,39344032,19672016,
drift_r0,stdmap,synthetic:lognormal,drift,23,480000,239455,4.57766,39662560,19831280,
drift_r0,stdmap,synthetic:lognormal,drift,24,500000,249494,4.46773,39983808,19991904,
drift_r0,stdmap,synthetic:lognormal,drift,25,520000,259418,2.54369,40301376,20150688,
drift_r0,stdmap,synthetic:lognormal,drift,26,540000,269419,1.8693,40621408,20310704,
drift_r0,stdmap,synthetic:lognormal,drift,27,560000,279386,2.29355,40940352,20470176,
drift_r0,stdmap,synthetic:lognormal,drift,28,580000,289408,2.65566,41261056,20630528,
drift_r0,stdmap,synthetic:lognormal,drift,29,600000,299517,2.87372,41584544,20792272,
drift_r0,stdmap,synthetic:lognormal,drift,30,620000,309456,3.27708,41902592,20951296,
drift_r0,stdmap,synthetic:lognormal,drift,31,640000,319500,2.98993,42224000,21112000,
drift_r0,stdmap,synthetic:lognormal,drift,32,660000,329525,2.87572,42544800,21272400,
drift_r0,stdmap,synthetic:lognormal,drift,33,680000,339552,2.3303,42865664,21432832,
drift_r0,stdmap,synthetic:lognormal,drift,34,700000,349542,2.97475,43185344,21592672,
drift_r0,stdmap,synthetic:lognormal,drift,35,720000,359625,3.36005,43508000,21754000,
drift_r0,stdmap,synthetic:lognormal,drift,36,740000,369648,3.33639,43828736,21914368,
drift_r0,stdmap,synthetic:lognormal,drift,37,760000,379680,3.68242,44149760,22074880,
drift_r0,stdmap,synthetic:lognormal,drift,38,780000,389626,3.88412,44468032,22234016,
drift_r0,stdmap,synthetic:lognormal,drift,39,800000,399658,3.17689,44789056,22394528,
drift_r0,stdmap,synthetic:lognormal,drift,40,820000,409575,3.57625,45106400,22553200,
drift_r0,stdmap,synthetic:lognormal,drift,41,840000,419633,3.69401,45428256,22714128,
drift_r0,stdmap,synthetic:lognormal,drift,42,860000,429696,3.46929,45750272,22875136,
drift_r0,stdmap,synthetic:lognormal,drift,43,880000,439642,3.67667,46068544,23034272,
drift_r0,stdmap,synthetic:lognormal,drift,44,900000,449634,3.58367,46388288,23194144,
drift_r0,stdmap,synthetic:lognormal,drift,45,920000,459661,3.4052,46709152,23354576,
drift_r0,stdmap,synthetic:lognormal,drift,46,940000,469634,3.62051,47028288,23514144,
drift_r0,stdmap,synthetic:lognormal,drift,47,960000,479551,3.38152,47345632,23672816,
drift_r0,stdmap,synthetic:lognormal,drift,48,980000,489515,3.16278,47664480,23832240,
drift_r0,stdmap,synthetic:lognormal,drift,49,1000000,499551,2.99635,47985632,23992816,
drift_r0,stdmap,synthetic:lognormal,drift,50,1020000,509579,3.15201,48306528,24153264,
drift_r0,stdmap,synthetic:lognormal,drift,51,1040000,519489,3.38364,48623648,24311824,
drift_r0,stdmap,synthetic:lognormal,drift,52,1060000,529487,3.4511,48943584,24471792,
drift_r0,stdmap,synthetic:lognormal,drift,53,1080000,539556,3.13402,49265792,24632896,
drift_r0,stdmap,synthetic:lognormal,drift,54,1100000,549578,3.1569,49586496,24793248,
drift_r0,stdmap,synthetic:lognormal,drift,55,1120000,559529,3.32355,49904928,24952464,
drift_r0,stdmap,synthetic:lognormal,drift,56,1140000,569596,3.18854,50227072,25113536,
drift_r0,stdmap,synthetic:lognormal,drift,57,1160000,579710,3.42796,50550720,25275360,
drift_r0,stdmap,synthetic:lognormal,drift,58,1180000,589636,3.21191,50868352,25434176,
drift_r0,stdmap,synthetic:lognormal,drift,59,1200000,599532,3.03846,51185024,25592512,
drift_r0,stdmap,synthetic:lognormal,drift,60,1220000,609611,2.99358,51507552,25753776,
drift_r0,stdmap,synthetic:lognormal,drift,61,1240000,619532,2.97416,51825024,25912512,
drift_r0,stdmap,synthetic:lognormal,drift,62,1260000,629441,3.04466,52142112,26071056,
drift_r0,stdmap,synthetic:lognormal,drift,63,1280000,639452,2.52525,52462464,26231232,
drift_r0,stdmap,synthetic:lognormal,drift,64,1300000,649345,2.30998,52779040,26389520,
drift_r0,stdmap,synthetic:lognormal,drift,65,1320000,659296,2.48947,53097472,26548736,
drift_r0,stdmap,synthetic:lognormal,drift,66,1340000,669284,2.61243,53417088,26708544,
drift_r0,stdmap,synthetic:lognormal,drift,67,1360000,679216,2.8189,53734912,26867456,
drift_r0,stdmap,synthetic:lognormal,drift,68,1380000,689183,2.81133,54053856,27026928,
drift_r0,stdmap,synthetic:lognormal,drift,69,1400000,699198,2.86261,54374336,27187168,
drift_r0,stdmap,synthetic:lognormal,drift,70,1420000,709216,2.76994,54694912,27347456,
drift_r0,stdmap,synthetic:lognormal,drift,71,1440000,719227,2.83106,55015264,27507632,
drift_r0,stdmap,synthetic:lognormal,drift,72,1460000,729172,2.69657,55333504,27666752,
drift_r0,stdmap,synthetic:lognormal,drift,73,1480000,739143,2.86022,55652576,27826288,
drift_r0,stdmap,synthetic:lognormal,drift,74,1500000,749182,2.90265,55973824,27986912,
drift_r0,stdmap,synthetic:lognormal,drift,75,1520000,759080,2.66458,56290560,28145280,
drift_r0,stdmap,synthetic:lognormal,drift,76,1540000,769083,2.51352,56610656,28305328,
drift_r0,stdmap,synthetic:lognormal,drift,77,1560000,779071,2.64175,56930272,28465136,
drift_r0,stdmap,synthetic:lognormal,drift,78,1580000,789091,2.91462,57250912,28625456,
drift_r0,stdmap,synthetic:lognormal,drift,79,1600000,799085,2.89572,57570720,28785360,
drift_r0,stdmap,synthetic:lognormal,drift,80,1620000,809034,2.90916,57889088,28944544,
drift_r0,stdmap,synthetic:lognormal,drift,81,1640000,819092,2.9392,58210944,29105472,
drift_r0,stdmap,synthetic:lognormal,drift,82,1660000,829154,2.85787,58532928,29266464,
drift_r0,stdmap,synthetic:lognormal,drift,83,1680000,839131,2.92674,58852192,29426096,
drift_r0,stdmap,synthetic:lognormal,drift,84,1700000,849099,2.75848,59171168,29585584,
drift_r0,stdmap,synthetic:lognormal,drift,85,1720000,859159,2.7725,59493088,29746544,
drift_r0,stdmap,synthetic:lognormal,drift,86,1740000,869236,2.79492,59815552,29907776,
drift_r0,stdmap,synthetic:lognormal,drift,87,1760000,879285,2.7991,60137120,30068560,
drift_r0,stdmap,synthetic:lognormal,drift,88,1780000,889364,2.8668,60459648,30229824,
drift_r0,stdmap,synthetic:lognormal,drift,89,1800000,899408,2.73726,60781056,30390528,
drift_r0,stdmap,synthetic:lognormal,drift,90,1820000,909362,2.63958,61099584,30549792,
drift_r0,stdmap,synthetic:lognormal,drift,91,1840000,919233,2.61243,61415456,30707728,
drift_r0,stdmap,synthetic:lognormal,drift,92,1860000,929238,2.74358,61735616,30867808,
drift_r0,stdmap,synthetic:lognormal,drift,93,1880000,939173,2.62233,62053536,31026768,
drift_r0,stdmap,synthetic:lognormal,drift,94,1900000,949139,2.73221,62372448,31186224,
drift_r0,stdmap,synthetic:lognormal,drift,95,1920000,959208,2.64609,62694656,31347328,
drift_r0,stdmap,synthetic:lognormal,drift,96,1940000,969258,2.71878,63016256,31508128,
drift_r0,stdmap,synthetic:lognormal,drift,97,1960000,979258,2.64002,63336256,31668128,
drift_r0,stdmap,synthetic:lognormal,drift,98,1980000,989345,2.64373,63659040,31829520,
drift_r0,stdmap,synthetic:lognormal,drift,99,2000000,999268,2.77463,63976576,31988288,
drift_r0.01,stdmap,synthetic:lognormal,drift,0,20000,10043,2.57115,32321376,16160688,
drift_r0.01,stdmap,synthetic:lognormal,drift,1,40000,20055,5.37791,32641760,16320880,
drift_r0.01,stdmap,synthetic:lognormal,drift,2,60000,30086,5.98959,32962752,16481376,
drift_r0.01,stdmap,synthetic:lognormal,drift,3,80000,39926,5.4173,33277632,16638816,
drift_r0.01,stdmap,synthetic:lognormal,drift,4,100000,49872,6.06612,33595904,16797952,
drift_r0.01,stdmap,synthetic:lognormal,drift,5,120000,59754,6.06758,33912128,16956064,
drift_r0.01,stdmap,synthetic:lognormal,drift,6,140000,69867,5.94972,34235744,17117872,
drift_r0.01,stdmap,synthetic:lognormal,drift,7,160000,79965,5.78725,34558880,17279440,
drift_r0.01,stdmap,synthetic:lognormal,drift,8,180000,89979,5.87005,34879328,17439664,
drift_r0.01,stdmap,synthetic:lognormal,drift,9,200000,99954,5.92973,35198528,17599264,
drift_r0.01,stdmap,synthetic:lognormal,drift,10,220000,110077,5.5341,35522464,17761232,
drift_r0.01,stdmap,synthetic:lognormal,drift,11,240000,120092,4.85677,35842944,17921472,
drift_r0.01,stdmap,synthetic:lognormal,drift,12,260000,130062,4.96375,36161984,18080992,
drift_r0.01,stdmap,synthetic:lognormal,drift,13,280000,140058,4.11163,36481856,18240928,
drift_r0.01,stdmap,synthetic:lognormal,drift,14,300000,150096,3.15105,36803072,18401536,
drift_r0.01,stdmap,synthetic:lognormal,drift,15,320000,159981,2.9634,37119392,18559696,
drift_r0.01,stdmap,synthetic:lognormal,drift,16,340000,169903,3.29132,37436896,18718448,
drift_r0.01,stdmap,synthetic:lognormal,drift,17,360000,179941,4.10071,37758112,18879056,
drift_r0.01,stdmap,synthetic:lognormal,drift,18,380000,189868,4.7497,38075776,19037888,
drift_r0.01,stdmap,synthetic:lognormal,drift,19,400000,199934,4.95233,38397888,19198944,
drift_r0.01,stdmap,synthetic:lognormal,drift,20,420000,209818,4.84086,38714176,19357088,
drift_r0.01,stdmap,synthetic:lognormal,drift,21,440000,219858,4.43226,39035456,19517728,
drift_r0.01,stdmap,synthetic:lognormal,drift,22,460000,229720,4.58952,39351040,19675520,
drift_r0.01,stdmap,synthetic:lognormal,drift,23,480000,239668,4.55892,39669376,19834688,
drift_r0.01,stdmap,synthetic:lognormal,drift,24,500000,249683,4.63647,39989856,19994928,
drift_r0.01,stdmap,synthetic:lognormal,drift,25,520000,259547,3.78878,40305504,20152752,
drift_r0.01,stdmap,synthetic:lognormal,drift,26,540000,269601,3.77465,40627232,20313616,
drift_r0.01,stdmap,synthetic:lognormal,drift,27,560000,279667,4.09938,40949344,20474672,
drift_r0.01,stdmap,synthetic:lognormal,drift,28,580000,289714,3.96111,41270848,20635424,
drift_r0.01,stdmap,synthetic:lognormal,drift,29,600000,299796,4.32709,41593472,20796736,
drift_r0.01,stdmap,synthetic:lognormal,drift,30,620000,309830,4.14111,41914560,20957280,
drift_r0.01,stdmap,synthetic:lognormal,drift,31,640000,319695,4.16963,42230240,21115120,
drift_r0.01,stdmap,synthetic:lognormal,drift,32,660000,329693,4.07875,42550176,21275088,
drift_r0.01,stdmap,synthetic:lognormal,drift,33,680000,339652,4.2664,42868864,21434432,
drift_r0.01,stdmap,synthetic:lognormal,drift,34,700000,349618,4.17751,43187776,21593888,
drift_r0.01,stdmap,synthetic:lognormal,drift,35,720000,359666,3.842,43509312,21754656,
drift_r0.01,stdmap,synthetic:lognormal,drift,36,740000,369654,4.06483,43828928,21914464,
drift_r0.01,stdmap,synthetic:lognormal,drift,37,760000,379779,4.06849,44152928,22076464,
drift_r0.01,stdmap,synthetic:lognormal,drift,38,780000,389805,3.78845,44473760,22236880,
drift_r0.01,stdmap,synthetic:lognormal,drift,39,800000,399970,3.94633,44799040,22399520,
drift_r0.01,stdmap,synthetic:lognormal,drift,40,820000,409982,3.93011,45119424,22559712,
drift_r0.01,stdmap,synthetic:lognormal,drift,41,840000,420034,3.79612,45441088,22720544,
drift_r0.01,stdmap,synthetic:lognormal,drift,42,860000,429936,3.47582,45757952,22878976,
drift_r0.01,stdmap,synthetic:lognormal,drift,43,880000,439997,3.65503,46079904,23039952,
drift_r0.01,stdmap,synthetic:lognormal,drift,44,900000,450023,3.52239,46400736,23200368,
drift_r0.01,stdmap,synthetic:lognormal,drift,45,920000,460160,3.53948,46725120,23362560,
drift_r0.01,stdmap,synthetic:lognormal,drift,46,940000,470124,3.53237,47043968,23521984,
drift_r0.01,stdmap,synthetic:lognormal,drift,47,960000,480162,3.41234,47365184,23682592,
drift_r0.01,stdmap,synthetic:lognormal,drift,48,980000,490073,3.20592,47682336,23841168,
drift_r0.01,stdmap,synthetic:lognormal,drift,49,1000000,500206,3.4549,48006592,24003296,
drift_r0.01,stdmap,synthetic:lognormal,drift,50,1020000,510341,3.46899,48330912,24165456,
drift_r0.01,stdmap,synthetic:lognormal,drift,51,1040000,520293,3.40958,48649376,24324688,
drift_r0.01,stdmap,synthetic:lognormal,drift,52,1060000,530240,3.54615,48967680,24483840,
drift_r0.01,stdmap,synthetic:lognormal,drift,53,1080000,540277,3.37859,49288864,24644432,
drift_r0.01,stdmap,synthetic:lognormal,drift,54,1100000,550299,3.47587,49609568,24804784,
drift_r0.01,stdmap,synthetic:lognormal,drift,55,1120000,560193,3.23221,49926176,24963088,
drift_r0.01,stdmap,synthetic:lognormal,drift,56,1140000,570256,3.16224,50248192,25124096,
drift_r0.01,stdmap,synthetic:lognormal,drift,57,1160000,580224,3.36764,50567168,25283584,
drift_r0.01,stdmap,synthetic:lognormal,drift,58,1180000,590192,3.39076,50886144,25443072,
drift_r0.01,stdmap,synthetic:lognormal,drift,59,1200000,600065,3.22256,51202080,25601040,
drift_r0.01,stdmap,synthetic:lognormal,drift,60,1220000,610207,3.34877,51526624,25763312,
drift_r0.01,stdmap,synthetic:lognormal,drift,61,1240000,620162,3.23102,51845184,25922592,
drift_r0.01,stdmap,synthetic:lognormal,drift,62,1260000,630221,3.25042,52167072,26083536,
drift_r0.01,stdmap,synthetic:lognormal,drift,63,1280000,640197,3.32756,52486304,26243152,
drift_r0.01,stdmap,synthetic:lognormal,drift,64,1300000,650287,3.17425,52809184,26404592,
drift_r0.01,stdmap,synthetic:lognormal,drift,65,1320000,660259,2.87229,53128288,26564144,
drift_r0.01,stdmap,synthetic:lognormal,drift,66,1340000,670385,3.08982,53452320,26726160,
drift_r0.01,stdmap,synthetic:lognormal,drift,67,1360000,680458,3.04466,53774656,26887328,
drift_r0.01,stdmap,synthetic:lognormal,drift,68,1380000,690336,3.18952,54090752,27045376,
drift_r0.01,stdmap,synthetic:lognormal,drift,69,1400000,700268,2.9196,54408576,27204288,
drift_r0.01,stdmap,synthetic:lognormal,drift,70,1420000,710330,2.5565,54730560,27365280,
drift_r0.01,stdmap,synthetic:lognormal,drift,71,1440000,720377,2.67232,55052064,27526032,
drift_r0.01,stdmap,synthetic:lognormal,drift,72,1460000,730275,2.79724,55368800,27684400,
drift_r0.01,stdmap,synthetic:lognormal,drift,73,1480000,740271,2.96912,55688672,27844336,
drift_r0.01,stdmap,synthetic:lognormal,drift,74,1500000,750252,2.94231,56008064,28004032,
drift_r0.01,stdmap,synthetic:lognormal,drift,75,1520000,760205,3.11014,56326560,28163280,
drift_r0.01,stdmap,synthetic:lognormal,drift,76,1540000,770173,2.93817,56645536,28322768,
drift_r0.01,stdmap,synthetic:lognormal,drift,77,1560000,780153,2.6639,56964896,28482448,
drift_r0.01,stdmap,synthetic:lognormal,drift,78,1580000,790145,2.8643,57284640,28642320,
drift_r0.01,stdmap,synthetic:lognormal,drift,79,1600000,800349,2.76879,57611168,28805584,
drift_r0.01,stdmap,synthetic:lognormal,drift,80,1620000,810283,2.93916,57929056,28964528,
drift_r0.01,stdmap,synthetic:lognormal,drift,81,1640000,820393,2.8418,58252576,29126288,
drift_r0.01,stdmap,synthetic:lognormal,drift,82,1660000,830451,2.72847,58574432,29287216,
drift_r0.01,stdmap,synthetic:lognormal,drift,83,1680000,840546,2.78887,58897472,29448736,
drift_r0.01,stdmap,synthetic:lognormal,drift,84,1700000,850485,2.90974,59215520,29607760,
drift_r0.01,stdmap,synthetic:lognormal,drift,85,1720000,860587,2.84872,59538784,29769392,
drift_r0.01,stdmap,synthetic:lognormal,drift,86,1740000,870523,2.84054,59856736,29928368,
drift_r0.01,stdmap,synthetic:lognormal,drift,87,1760000,880538,2.92894,60177216,30088608,
drift_r0.01,stdmap,synthetic:lognormal,drift,88,1780000,890579,2.83189,60498528,30249264,
drift_r0.01,stdmap,synthetic:lognormal,drift,89,1800000,900650,2.99192,60820800,30410400,
drift_r0.01,stdmap,synthetic:lognormal,drift,90,1820000,910676,2.9323,61141632,30570816,
drift_r0.01,stdmap,synthetic:lognormal,drift,91,1840000,920646,2.84298,61460672,30730336,
drift_r0.01,stdmap,synthetic:lognormal,drift,92,1860000,930537,2.92423,61777184,30888592,
drift_r0.01,stdmap,synthetic:lognormal,drift,93,1880000,940566,2.62942,62098112,31049056,
drift_r0.01,stdmap,synthetic:lognormal,drift,94,1900000,950537,2.6884,62417184,31208592,
drift_r0.01,stdmap,synthetic:lognormal,drift,95,1920000,960407,2.61866,62733024,31366512,
drift_r0.01,stdmap,synthetic:lognormal,drift,96,1940000,970291,2.70964,63049312,31524656,
drift_r0.01,stdmap,synthetic:lognormal,drift,97,1960000,980309,2.23725,63369888,31684944,
drift_r0.01,stdmap,synthetic:lognormal,drift,98,1980000,990328,2.06556,63690496,31845248,
drift_r0.01,stdmap,synthetic:lognormal,drift,99,2000000,1000315,2.46588,64010080,32005040,
drift_r0.1,stdmap,synthetic:lognormal,drift,0,20000,9968,2.97228,32318976,16159488,
drift_r0.1,stdmap,synthetic:lognormal,drift,1,40000,20088,5.38388,32642816,16321408,
drift_r0.1,stdmap,synthetic:lognormal,drift,2,60000,30180,5.97349,32965760,16482880,
drift_r0.1,stdmap,synthetic:lognormal,drift,3,80000,40020,6.06168,33280640,16640320,
drift_r0.1,stdmap,synthetic:lognormal,drift,4,100000,50012,6.17371,33600384,16800192,
drift_r0.1,stdmap,synthetic:lognormal,drift,5,120000,59864,5.72902,33915648,16957824,
drift_r0.1,stdmap,synthetic:lognormal,drift,6,140000,69977,6.14101,34239264,17119632,
drift_r0.1,stdmap,synthetic:lognormal,drift,7,160000,80045,6.14227,34561440,17280720,
drift_r0.1,stdmap,synthetic:lognormal,drift,8,180000,89952,6.07803,34878464,17439232,
drift_r0.1,stdmap,synthetic:lognormal,drift,9,200000,99973,5.47327,35199136,17599568,
drift_r0.1,stdmap,synthetic:lognormal,drift,10,220000,109985,5.11177,35519520,17759760,
drift_r0.1,stdmap,synthetic:lognormal,drift,11,240000,119910,4.8555,35837120,17918560,
drift_r0.1,stdmap,synthetic:lognormal,drift,12,260000,129983,4.18381,36159456,18079728,
drift_r0.1,stdmap,synthetic:lognormal,drift,13,280000,139855,4.54632,36475360,18237680,
drift_r0.1,stdmap,synthetic:lognormal,drift,14,300000,149982,4.7746,36799424,18399712,
drift_r0.1,stdmap,synthetic:lognormal,drift,15,320000,159871,5.26039,37115872,18557936,
drift_r0.1,stdmap,synthetic:lognormal,drift,16,340000,169730,5.426,37431360,18715680,
drift_r0.1,stdmap,synthetic:lognormal,drift,17,360000,179754,4.9617,37752128,18876064,
drift_r0.1,stdmap,synthetic:lognormal,drift,18,380000,189734,4.67153,38071488,19035744,
drift_r0.1,stdmap,synthetic:lognormal,drift,19,400000,199752,5.11809,38392064,19196032,
drift_r0.1,stdmap,synthetic:lognormal,drift,20,420000,209726,5.01484,38711232,19355616,
drift_r0.1,stdmap,synthetic:lognormal,drift,21,440000,219712,4.53763,39030784,19515392,
drift_r0.1,stdmap,synthetic:lognormal,drift,22,460000,229652,4.6573,39348864,19674432,
drift_r0.1,stdmap,synthetic:lognormal,drift,23,480000,239611,4.89097,39667552,19833776,
drift_r0.1,stdmap,synthetic:lognormal,drift,24,500000,249509,5.13089,39984288,19992144,
drift_r0.1,stdmap,synthetic:lognormal,drift,25,520000,259449,5.11182,40302368,20151184,
drift_r0.1,stdmap,synthetic:lognormal,drift,26,540000,269497,5.0453,40623904,20311952,
drift_r0.1,stdmap,synthetic:lognormal,drift,27,560000,279481,5.19278,40943392,20471696,
drift_r0.1,stdmap,synthetic:lognormal,drift,28,580000,289656,5.18235,41268992,20634496,
drift_r0.1,stdmap,synthetic:lognormal,drift,29,600000,299754,5.23777,41592128,20796064,
drift_r0.1,stdmap,synthetic:lognormal,drift,30,620000,309717,5.07426,41910944,20955472,
drift_r0.1,stdmap,synthetic:lognormal,drift,31,640000,319827,4.7521,42234464,21117232,
drift_r0.1,stdmap,synthetic:lognormal,drift,32,660000,329769,5.01609,42552608,21276304,
drift_r0.1,stdmap,synthetic:lognormal,drift,33,680000,339784,5.00986,42873088,21436544,
drift_r0.1,stdmap,synthetic:lognormal,drift,34,700000,349743,4.90241,43191776,21595888,
drift_r0.1,stdmap,synthetic:lognormal,drift,35,720000,359800,4.45405,43513600,21756800,
drift_r0.1,stdmap,synthetic:lognormal,drift,36,740000,369860,5.11307,43835520,21917760,
drift_r0.1,stdmap,synthetic:lognormal,drift,37,760000,379872,5.10877,44155904,22077952,
drift_r0.1,stdmap,synthetic:lognormal,drift,38,780000,389915,5.06105,44477280,22238640,
drift_r0.1,stdmap,synthetic:lognormal,drift,39,800000,400011,4.81773,44800352,22400176,
drift_r0.1,stdmap,synthetic:lognormal,drift,40,820000,410140,4.54485,45124480,22562240,
drift_r0.1,stdmap,synthetic:lognormal,drift,41,840000,420140,4.89621,45444480,22722240,
drift_r0.1,stdmap,synthetic:lognormal,drift,42,860000,430125,4.9777,45764000,22882000,
drift_r0.1,stdmap,synthetic:lognormal,drift,43,880000,439991,4.81256,46079712,23039856,
drift_r0.1,stdmap,synthetic:lognormal,drift,44,900000,450021,4.9124,46400672,23200336,
drift_r0.1,stdmap,synthetic:lognormal,drift,45,920000,459947,4.16884,46718304,23359152,
drift_r0.1,stdmap,synthetic:lognormal,drift,46,940000,469922,4.11033,47037504,23518752,
drift_r0.1,stdmap,synthetic:lognormal,drift,47,960000,479912,4.18151,47357184,23678592,
drift_r0.1,stdmap,synthetic:lognormal,drift,48,980000,489864,4.66581,47675648,23837824,
drift_r0.1,stdmap,synthetic:lognormal,drift,49,1000000,499853,5.05492,47995296,23997648,
drift_r0.1,stdmap,synthetic:lognormal,drift,50,1020000,509765,4.86367,48312480,24156240,
drift_r0.1,stdmap,synthetic:lognormal,drift,51,1040000,519751,4.73517,48632032,24316016,
drift_r0.1,stdmap,synthetic:lognormal,drift,52,1060000,529853,4.89671,48955296,24477648,
drift_r0.1,stdmap,synthetic:lognormal,drift,53,1080000,539879,4.85977,49276128,24638064,
drift_r0.1,stdmap,synthetic:lognormal,drift,54,1100000,549872,4.49455,49595904,24797952,
drift_r0.1,stdmap,synthetic:lognormal,drift,55,1120000,559967,4.32257,49918944,24959472,
drift_r0.1,stdmap,synthetic:lognormal,drift,56,1140000,569946,3.4732,50238272,25119136,
drift_r0.1,stdmap,synthetic:lognormal,drift,57,1160000,579900,4.71777,50556800,25278400,
drift_r0.1,stdmap,synthetic:lognormal,drift,58,1180000,590023,4.47411,50880736,25440368,
drift_r0.1,stdmap,synthetic:lognormal,drift,59,1200000,600068,4.56556,51202176,25601088,
drift_r0.1,stdmap,synthetic:lognormal,drift,60,1220000,609919,4.70625,51517408,25758704,
drift_r0.1,stdmap,synthetic:lognormal,drift,61,1240000,619847,4.66395,51835104,25917552,
drift_r0.1,stdmap,synthetic:lognormal,drift,62,1260000,629840,3.51255,52154880,26077440,
drift_r0.1,stdmap,synthetic:lognormal,drift,63,1280000,639813,3.83908,52474016,26237008,
drift_r0.1,stdmap,synthetic:lognormal,drift,64,1300000,649773,4.4999,52792736,26396368,
drift_r0.1,stdmap,synthetic:lognormal,drift,65,1320000,659795,4.60644,53113440,26556720,
drift_r0.1,stdmap,synthetic:lognormal,drift,66,1340000,669855,4.37641,53435360,26717680,
drift_r0.1,stdmap,synthetic:lognormal,drift,67,1360000,679891,4.60732,53756512,26878256,
drift_r0.1,stdmap,synthetic:lognormal,drift,68,1380000,689975,4.76209,54079200,27039600,
drift_r0.1,stdmap,synthetic:lognormal,drift,69,1400000,699935,4.22409,54397920,27198960,
drift_r0.1,stdmap,synthetic:lognormal,drift,70,1420000,709913,4.24647,54717216,27358608,
drift_r0.1,stdmap,synthetic:lognormal,drift,71,1440000,719848,4.10057,55035136,27517568,
drift_r0.1,stdmap,synthetic:lognormal,drift,72,1460000,729846,2.96918,55355072,27677536,
drift_r0.1,stdmap,synthetic:lognormal,drift,73,1480000,739954,4.62147,55678528,27839264,
drift_r0.1,stdmap,synthetic:lognormal,drift,74,1500000,749955,4.85963,55998560,27999280,
drift_r0.1,stdmap,synthetic:lognormal,drift,75,1520000,759995,4.65445,56319840,28159920,
drift_r0.1,stdmap,synthetic:lognormal,drift,76,1540000,770061,3.6346,56641952,28320976,
drift_r0.1,stdmap,synthetic:lognormal,drift,77,1560000,780098,4.21126,56963136,28481568,
drift_r0.1,stdmap,synthetic:lognormal,drift,78,1580000,790068,4.60057,57282176,28641088,
drift_r0.1,stdmap,synthetic:lognormal,drift,79,1600000,800018,4.62334,57600576,28800288,
drift_r0.1,stdmap,synthetic:lognormal,drift,80,1620000,810035,4.54744,57921120,28960560,
drift_r0.1,stdmap,synthetic:lognormal,drift,81,1640000,820155,4.73522,58244960,29122480,
drift_r0.1,stdmap,synthetic:lognormal,drift,82,1660000,830200,4.46848,58566400,29283200,
drift_r0.1,stdmap,synthetic:lognormal,drift,83,1680000,840231,4.573,58887392,29443696,
drift_r0.1,stdmap,synthetic:lognormal,drift,84,1700000,850272,3.22109,59208704,29604352,
drift_r0.1,stdmap,synthetic:lognormal,drift,85,1720000,860387,3.97423,59532384,29766192,
drift_r0.1,stdmap,synthetic:lognormal,drift,86,1740000,870445,3.39024,59854240,29927120,
drift_r0.1,stdmap,synthetic:lognormal,drift,87,1760000,880401,4.13772,60172832,30086416,
drift_r0.1,stdmap,synthetic:lognormal,drift,88,1780000,890530,3.04741,60496960,30248480,
drift_r0.1,stdmap,synthetic:lognormal,drift,89,1800000,900601,4.4004,60819232,30409616,
drift_r0.1,stdmap,synthetic:lognormal,drift,90,1820000,910637,4.34783,61140384,30570192,
drift_r0.1,stdmap,synthetic:lognormal,drift,91,1840000,920694,4.68494,61462208,30731104,
drift_r0.1,stdmap,synthetic:lognormal,drift,92,1860000,930789,4.62963,61785248,30892624,
drift_r0.1,stdmap,synthetic:lognormal,drift,93,1880000,940792,4.68439,62105344,31052672,
drift_r0.1,stdmap,synthetic:lognormal,drift,94,1900000,950772,4.92899,62424704,31212352,
drift_r0.1,stdmap,synthetic:lognormal,drift,95,1920000,960827,4.83705,62746464,31373232,
drift_r0.1,stdmap,synthetic:lognormal,drift,96,1940000,970865,4.87142,63067680,31533840,
drift_r0.1,stdmap,synthetic:lognormal,drift,97,1960000,980862,4.49737,63387584,31693792,
drift_r0.1,stdmap,synthetic:lognormal,drift,98,1980000,990776,4.56873,63704832,31852416,
drift_r0.1,stdmap,synthetic:lognormal,drift,99,2000000,1000730,4.79866,64023360,32011680,
drift_r0.5,stdmap,synthetic:lognormal,drift,0,20000,9988,3.25755,32319616,16159808,
drift_r0.5,stdmap,synthetic:lognormal,drift,1,40000,20146,5.1501,32644672,16322336,
drift_r0.5,stdmap,synthetic:lognormal,drift,2,60000,30129,5.68693,32964128,16482064,
drift_r0.5,stdmap,synthetic:lognormal,drift,3,80000,40047,6.17149,33281504,16640752,
drift_r0.5,stdmap,synthetic:lognormal,drift,4,100000,50071,6.18262,33602272,16801136,
drift_r0.5,stdmap,synthetic:lognormal,drift,5,120000,59956,6.33304,33918592,16959296,
drift_r0.5,stdmap,synthetic:lognormal,drift,6,140000,70036,6.32286,34241152,17120576,
drift_r0.5,stdmap,synthetic:lognormal,drift,7,160000,80117,6.30823,34563744,17281872,
drift_r0.5,stdmap,synthetic:lognormal,drift,8,180000,90067,6.42235,34882144,17441072,
drift_r0.5,stdmap,synthetic:lognormal,drift,9,200000,99970,6.55514,35199040,17599520,
drift_r0.5,stdmap,synthetic:lognormal,drift,10,220000,110006,6.558,35520192,17760096,
drift_r0.5,stdmap,synthetic:lognormal,drift,11,240000,119993,6.51536,35839776,17919888,
drift_r0.5,stdmap,synthetic:lognormal,drift,12,260000,130014,6.34577,36160448,18080224,
drift_r0.5,stdmap,synthetic:lognormal,drift,13,280000,139989,6.59903,36479648,18239824,
drift_r0.5,stdmap,synthetic:lognormal,drift,14,300000,150080,6.50072,36802560,18401280,
drift_r0.5,stdmap,synthetic:lognormal,drift,15,320000,160015,6.19467,37120480,18560240,
drift_r0.5,stdmap,synthetic:lognormal,drift,16,340000,169809,6.31878,37433888,18716944,
drift_r0.5,stdmap,synthetic:lognormal,drift,17,360000,179718,6.36326,37750976,18875488,
drift_r0.5,stdmap,synthetic:lognormal,drift,18,380000,189596,5.24298,38067072,19033536,
drift_r0.5,stdmap,synthetic:lognormal,drift,19,400000,199634,5.04323,38388288,19194144,
drift_r0.5,stdmap,synthetic:lognormal,drift,20,420000,209519,5.51344,38704608,19352304,
drift_r0.5,stdmap,synthetic:lognormal,drift,21,440000,219614,5.96562,39027648,19513824,
drift_r0.5,stdmap,synthetic:lognormal,drift,22,460000,229542,6.01097,39345344,19672672,
drift_r0.5,stdmap,synthetic:lognormal,drift,23,480000,239548,5.6949,39665536,19832768,
drift_r0.5,stdmap,synthetic:lognormal,drift,24,500000,249441,5.7869,39982112,19991056,
drift_r0.5,stdmap,synthetic:lognormal,drift,25,520000,259522,6.16364,40304704,20152352,
drift_r0.5,stdmap,synthetic:lognormal,drift,26,540000,269476,6.14888,40623232,20311616,
drift_r0.5,stdmap,synthetic:lognormal,drift,27,560000,279531,6.25611,40944992,20472496,
drift_r0.5,stdmap,synthetic:lognormal,drift,28,580000,289661,6.34921,41269152,20634576,
drift_r0.5,stdmap,synthetic:lognormal,drift,29,600000,299773,6.42355,41592736,20796368,
drift_r0.5,stdmap,synthetic:lognormal,drift,30,620000,309807,6.42415,41913824,20956912,
drift_r0.5,stdmap,synthetic:lognormal,drift,31,640000,319778,6.32203,42232896,21116448,
drift_r0.5,stdmap,synthetic:lognormal,drift,32,660000,329810,6.03493,42553920,21276960,
drift_r0.5,stdmap,synthetic:lognormal,drift,33,680000,339772,5.97654,42872704,21436352,
drift_r0.5,stdmap,synthetic:lognormal,drift,34,700000,349764,5.49551,43192448,21596224,
drift_r0.5,stdmap,synthetic:lognormal,drift,35,720000,359744,6.01775,43511808,21755904,
drift_r0.5,stdmap,synthetic:lognormal,drift,36,740000,369656,6.0642,43828992,21914496,
drift_r0.5,stdmap,synthetic:lognormal,drift,37,760000,379541,5.56354,44145312,22072656,
drift_r0.5,stdmap,synthetic:lognormal,drift,38,780000,389374,5.46056,44459968,22229984,
drift_r0.5,stdmap,synthetic:lognormal,drift,39,800000,399420,6.1749,44781440,22390720,
drift_r0.5,stdmap,synthetic:lognormal,drift,40,820000,409528,5.96607,45104896,22552448,
drift_r0.5,stdmap,synthetic:lognormal,drift,41,840000,419556,5.86898,45425792,22712896,
drift_r0.5,stdmap,synthetic:lognormal,drift,42,860000,429542,5.87522,45745344,22872672,
drift_r0.5,stdmap,synthetic:lognormal,drift,43,880000,439467,6.09013,46062944,23031472,
drift_r0.5,stdmap,synthetic:lognormal,drift,44,900000,449460,6.13858,46382720,23191360,
drift_r0.5,stdmap,synthetic:lognormal,drift,45,920000,459408,6.04877,46701056,23350528,
drift_r0.5,stdmap,synthetic:lognormal,drift,46,940000,469507,5.98787,47024224,23512112,
drift_r0.5,stdmap,synthetic:lognormal,drift,47,960000,479441,5.94442,47342112,23671056,
drift_r0.5,stdmap,synthetic:lognormal,drift,48,980000,489393,5.69327,47660576,23830288,
drift_r0.5,stdmap,synthetic:lognormal,drift,49,1000000,499467,6.02606,47982944,23991472,
drift_r0.5,stdmap,synthetic:lognormal,drift,50,1020000,509516,6.05441,48304512,24152256,
drift_r0.5,stdmap,synthetic:lognormal,drift,51,1040000,519472,6.05304,48623104,24311552,
drift_r0.5,stdmap,synthetic:lognormal,drift,52,1060000,529496,5.81614,48943872,24471936,
drift_r0.5,stdmap,synthetic:lognormal,drift,53,1080000,539622,5.30071,49267904,24633952,
drift_r0.5,stdmap,synthetic:lognormal,drift,54,1100000,549677,5.31361,49589664,24794832,
drift_r0.5,stdmap,synthetic:lognormal,drift,55,1120000,559614,5.79598,49907648,24953824,
drift_r0.5,stdmap,synthetic:lognormal,drift,56,1140000,569517,5.74252,50224544,25112272,
drift_r0.5,stdmap,synthetic:lognormal,drift,57,1160000,579440,5.67108,50542080,25271040,
drift_r0.5,stdmap,synthetic:lognormal,drift,58,1180000,589461,5.8543,50862752,25431376,
drift_r0.5,stdmap,synthetic:lognormal,drift,59,1200000,599517,5.92841,51184544,25592272,
drift_r0.5,stdmap,synthetic:lognormal,drift,60,1220000,609555,5.72683,51505760,25752880,
drift_r0.5,stdmap,synthetic:lognormal,drift,61,1240000,619442,5.61194,51822144,25911072,
drift_r0.5,stdmap,synthetic:lognormal,drift,62,1260000,629445,5.82779,52142240,26071120,
drift_r0.5,stdmap,synthetic:lognormal,drift,63,1280000,639348,5.30486,52459136,26229568,
drift_r0.5,stdmap,synthetic:lognormal,drift,64,1300000,649307,5.13281,52777824,26388912,
drift_r0.5,stdmap,synthetic:lognormal,drift,65,1320000,659405,5.35475,53100960,26550480,
drift_r0.5,stdmap,synthetic:lognormal,drift,66,1340000,669397,5.40498,53420704,26710352,
drift_r0.5,stdmap,synthetic:lognormal,drift,67,1360000,679347,5.45647,53739104,26869552,
drift_r0.5,stdmap,synthetic:lognormal,drift,68,1380000,689359,5.8124,54059488,27029744,
drift_r0.5,stdmap,synthetic:lognormal,drift,69,1400000,699370,5.81621,54379840,27189920,
drift_r0.5,stdmap,synthetic:lognormal,drift,70,1420000,709299,5.63566,54697568,27348784,
drift_r0.5,stdmap,synthetic:lognormal,drift,71,1440000,719224,5.78899,55015168,27507584,
drift_r0.5,stdmap,synthetic:lognormal,drift,72,1460000,729300,5.13358,55337600,27668800,
drift_r0.5,stdmap,synthetic:lognormal,drift,73,1480000,739220,4.72046,55655040,27827520,
drift_r0.5,stdmap,synthetic:lognormal,drift,74,1500000,749259,4.22684,55976288,27988144,
drift_r0.5,stdmap,synthetic:lognormal,drift,75,1520000,759203,4.77284,56294496,28147248,
drift_r0.5,stdmap,synthetic:lognormal,drift,76,1540000,769336,5.44495,56618752,28309376,
drift_r0.5,stdmap,synthetic:lognormal,drift,77,1560000,779422,5.37339,56941504,28470752,
drift_r0.5,stdmap,synthetic:lognormal,drift,78,1580000,789397,5.55485,57260704,28630352,
drift_r0.5,stdmap,synthetic:lognormal,drift,79,1600000,799371,5.37713,57579872,28789936,
drift_r0.5,stdmap,synthetic:lognormal,drift,80,1620000,809365,5.4051,57899680,28949840,
drift_r0.5,stdmap,synthetic:lognormal,drift,81,1640000,819335,5.68848,58218720,29109360,
drift_r0.5,stdmap,synthetic:lognormal,drift,82,1660000,829324,5.74506,58538368,29269184,
drift_r0.5,stdmap,synthetic:lognormal,drift,83,1680000,839184,5.50604,58853888,29426944,
drift_r0.5,stdmap,synthetic:lognormal,drift,84,1700000,849162,5.51654,59173184,29586592,
drift_r0.5,stdmap,synthetic:lognormal,drift,85,1720000,859235,5.25348,59495520,29747760,
drift_r0.5,stdmap,synthetic:lognormal,drift,86,1740000,869319,5.44588,59818208,29909104,
drift_r0.5,stdmap,synthetic:lognormal,drift,87,1760000,879255,5.2559,60136160,30068080,
drift_r0.5,stdmap,synthetic:lognormal,drift,88,1780000,889297,5.03155,60457504,30228752,
drift_r0.5,stdmap,synthetic:lognormal,drift,89,1800000,899297,4.94147,60777504,30388752,
drift_r0.5,stdmap,synthetic:lognormal,drift,90,1820000,909315,5.54561,61098080,30549040,
drift_r0.5,stdmap,synthetic:lognormal,drift,91,1840000,919272,5.62324,61416704,30708352,
drift_r0.5,stdmap,synthetic:lognormal,drift,92,1860000,929379,5.49646,61740128,30870064,
drift_r0.5,stdmap,synthetic:lognormal,drift,93,1880000,939515,5.53914,62064480,31032240,
drift_r0.5,stdmap,synthetic:lognormal,drift,94,1900000,949722,5.33298,62391104,31195552,
drift_r0.5,stdmap,synthetic:lognormal,drift,95,1920000,959751,5.16184,62712032,31356016,
drift_r0.5,stdmap,synthetic:lognormal,drift,96,1940000,969672,5.37418,63029504,31514752,
drift_r0.5,stdmap,synthetic:lognormal,drift,97,1960000,979715,5.14139,63350880,31675440,
drift_r0.5,stdmap,synthetic:lognormal,drift,98,1980000,989732,5.40084,63671424,31835712,
drift_r0.5,stdmap,synthetic:lognormal,drift,99,2000000,999789,5.55523,63993248,31996624,
drift_r2,stdmap,synthetic:lognormal,drift,0,20000,10005,2.70862,32320160,16160080,
drift_r2,stdmap,synthetic:lognormal,drift,1,40000,20124,4.99106,32643968,16321984,
drift_r2,stdmap,synthetic:lognormal,drift,2,60000,30166,5.81995,32965312,16482656,
drift_r2,stdmap,synthetic:lognormal,drift,3,80000,40150,5.23457,33284800,16642400,
drift_r2,stdmap,synthetic:lognormal,drift,4,100000,50253,4.92692,33608096,16804048,
drift_r2,stdmap,synthetic:lognormal,drift,5,120000,60147,5.79297,33924704,16962352,
drift_r2,stdmap,synthetic:lognormal,drift,6,140000,70173,6.06244,34245536,17122768,
drift_r2,stdmap,synthetic:lognormal,drift,7,160000,80285,6.1699,34569120,17284560,
drift_r2,stdmap,synthetic:lognormal,drift,8,180000,90249,6.09214,34887968,17443984,
drift_r2,stdmap,synthetic:lognormal,drift,9,200000,100187,6.07142,35205984,17602992,
drift_r2,stdmap,synthetic:lognormal,drift,10,220000,110276,5.66425,35528832,17764416,
drift_r2,stdmap,synthetic:lognormal,drift,11,240000,120248,5.89203,35847936,17923968,
drift_r2,stdmap,synthetic:lognormal,drift,12,260000,130295,6.12058,36169440,18084720,
drift_r2,stdmap,synthetic:lognormal,drift,13,280000,140256,5.88553,36488192,18244096,
drift_r2,stdmap,synthetic:lognormal,drift,14,300000,150357,6.11488,36811424,18405712,
drift_r2,stdmap,synthetic:lognormal,drift,15,320000,160271,5.99333,37128672,18564336,
drift_r2,stdmap,synthetic:lognormal,drift,16,340000,170122,4.0011,37443904,18721952,
drift_r2,stdmap,synthetic:lognormal,drift,17,360000,180058,3.89244,37761856,18880928,
drift_r2,stdmap,synthetic:lognormal,drift,18,380000,190026,4.68133,38080832,19040416,
drift_r2,stdmap,synthetic:lognormal,drift,19,400000,199870,4.87805,38395840,19197920,
drift_r2,stdmap,synthetic:lognormal,drift,20,420000,209803,5.13396,38713696,19356848,
drift_r2,stdmap,synthetic:lognormal,drift,21,440000,219772,5.35171,39032704,19516352,
drift_r2,stdmap,synthetic:lognormal,drift,22,460000,229745,5.51686,39351840,19675920,
drift_r2,stdmap,synthetic:lognormal,drift,23,480000,239708,5.21071,39670656,19835328,
drift_r2,stdmap,synthetic:lognormal,drift,24,500000,249645,5.49545,39988640,19994320,
drift_r2,stdmap,synthetic:lognormal,drift,25,520000,259573,5.706,40306336,20153168,
drift_r2,stdmap,synthetic:lognormal,drift,26,540000,269440,4.62227,40622080,20311040,
drift_r2,stdmap,synthetic:lognormal,drift,27,560000,279470,4.2284,40943040,20471520,
drift_r2,stdmap,synthetic:lognormal,drift,28,580000,289485,3.1251,41263520,20631760,
drift_r2,stdmap,synthetic:lognormal,drift,29,600000,299537,4.72809,41585184,20792592,
drift_r2,stdmap,synthetic:lognormal,drift,30,620000,309573,5.21926,41906336,20953168,
drift_r2,stdmap,synthetic:lognormal,drift,31,640000,319558,4.86194,42225856,21112928,
drift_r2,stdmap,synthetic:lognormal,drift,32,660000,329543,4.88783,42545376,21272688,
drift_r2,stdmap,synthetic:lognormal,drift,33,680000,339616,4.17101,42867712,21433856,
drift_r2,stdmap,synthetic:lognormal,drift,34,700000,349642,4.82029,43188544,21594272,
drift_r2,stdmap,synthetic:lognormal,drift,35,720000,359662,5.26581,43509184,21754592,
drift_r2,stdmap,synthetic:lognormal,drift,36,740000,369707,4.92237,43830624,21915312,
drift_r2,stdmap,synthetic:lognormal,drift,37,760000,379620,4.76559,44147840,22073920,
drift_r2,stdmap,synthetic:lognormal,drift,38,780000,389638,5.31273,44468416,22234208,
drift_r2,stdmap,synthetic:lognormal,drift,39,800000,399645,4.86204,44788640,22394320,
drift_r2,stdmap,synthetic:lognormal,drift,40,820000,409748,5.1659,45111936,22555968,
drift_r2,stdmap,synthetic:lognormal,drift,41,840000,419730,5.4003,45431360,22715680,
drift_r2,stdmap,synthetic:lognormal,drift,42,860000,429838,4.73289,45754816,22877408,
drift_r2,stdmap,synthetic:lognormal,drift,43,880000,439718,5.23332,46070976,23035488,
drift_r2,stdmap,synthetic:lognormal,drift,44,900000,449690,5.60479,46390080,23195040,
drift_r2,stdmap,synthetic:lognormal,drift,45,920000,459760,5.70817,46712320,23356160,
drift_r2,stdmap,synthetic:lognormal,drift,46,940000,469740,5.40547,47031680,23515840,
drift_r2,stdmap,synthetic:lognormal,drift,47,960000,479753,4.57657,47352096,23676048,
drift_r2,stdmap,synthetic:lognormal,drift,48,980000,489701,5.12558,47670432,23835216,
drift_r2,stdmap,synthetic:lognormal,drift,49,1000000,499600,5.57071,47987200,23993600,
drift_r2,stdmap,synthetic:lognormal,drift,50,1020000,509569,5.19003,48306208,24153104,
drift_r2,stdmap,synthetic:lognormal,drift,51,1040000,519561,5.36601,48625952,24312976,
drift_r2,stdmap,synthetic:lognormal,drift,52,1060000,529600,5.57964,48947200,24473600,
drift_r2,stdmap,synthetic:lognormal,drift,53,1080000,539654,5.67799,49268928,24634464,
drift_r2,stdmap,synthetic:lognormal,drift,54,1100000,549665,5.02534,49589280,24794640,
drift_r2,stdmap,synthetic:lognormal,drift,55,1120000,559679,5.60925,49909728,24954864,
drift_r2,stdmap,synthetic:lognormal,drift,56,1140000,569667,5.31885,50229344,25114672,
drift_r2,stdmap,synthetic:lognormal,drift,57,1160000,579742,5.09814,50551744,25275872,
drift_r2,stdmap,synthetic:lognormal,drift,58,1180000,589765,5.43928,50872480,25436240,
drift_r2,stdmap,synthetic:lognormal,drift,59,1200000,599852,4.98349,51195264,25597632,
drift_r2,stdmap,synthetic:lognormal,drift,60,1220000,609764,4.78884,51512448,25756224,
drift_r2,stdmap,synthetic:lognormal,drift,61,1240000,619698,5.38316,51830336,25915168,
drift_r2,stdmap,synthetic:lognormal,drift,62,1260000,629644,5.26102,52148608,26074304,
drift_r2,stdmap,synthetic:lognormal,drift,63,1280000,639726,5.53703,52471232,26235616,
drift_r2,stdmap,synthetic:lognormal,drift,64,1300000,649673,5.35589,52789536,26394768,
drift_r2,stdmap,synthetic:lognormal,drift,65,1320000,659693,4.17301,53110176,26555088,
drift_r2,stdmap,synthetic:lognormal,drift,66,1340000,669598,5.65091,53427136,26713568,
drift_r2,stdmap,synthetic:lognormal,drift,67,1360000,679414,5.56451,53741248,26870624,
drift_r2,stdmap,synthetic:lognormal,drift,68,1380000,689635,5.63705,54068320,27034160,
drift_r2,stdmap,synthetic:lognormal,drift,69,1400000,699650,5.01484,54388800,27194400,
drift_r2,stdmap,synthetic:lognormal,drift,70,1420000,709584,5.69213,54706688,27353344,
drift_r2,stdmap,synthetic:lognormal,drift,71,1440000,719553,5.4556,55025696,27512848,
drift_r2,stdmap,synthetic:lognormal,drift,72,1460000,729636,5.43743,55348352,27674176,
drift_r2,stdmap,synthetic:lognormal,drift,73,1480000,739577,4.11734,55666464,27833232,
drift_r2,stdmap,synthetic:lognormal,drift,74,1500000,749669,5.42612,55989408,27994704,
drift_r2,stdmap,synthetic:lognormal,drift,75,1520000,759570,5.3912,56306240,28153120,
drift_r2,stdmap,synthetic:lognormal,drift,76,1540000,769514,4.04258,56624448,28312224,
drift_r2,stdmap,synthetic:lognormal,drift,77,1560000,779583,3.43559,56946656,28473328,
drift_r2,stdmap,synthetic:lognormal,drift,78,1580000,789582,2.72171,57266624,28633312,
drift_r2,stdmap,synthetic:lognormal,drift,79,1600000,799572,5.18235,57586304,28793152,
drift_r2,stdmap,synthetic:lognormal,drift,80,1620000,809553,5.33559,57905696,28952848,
drift_r2,stdmap,synthetic:lognormal,drift,81,1640000,819443,5.42434,58222176,29111088,
drift_r2,stdmap,synthetic:lognormal,drift,82,1660000,829450,5.5037,58542400,29271200,
drift_r2,stdmap,synthetic:lognormal,drift,83,1680000,839412,5.44421,58861184,29430592,
drift_r2,stdmap,synthetic:lognormal,drift,84,1700000,849444,5.55684,59182208,29591104,
drift_r2,stdmap,synthetic:lognormal,drift,85,1720000,859372,5.53863,59499904,29749952,
drift_r2,stdmap,synthetic:lognormal,drift,86,1740000,869429,5.58581,59821728,29910864,
drift_r2,stdmap,synthetic:lognormal,drift,87,1760000,879391,5.64414,60140512,30070256,
drift_r2,stdmap,synthetic:lognormal,drift,88,1780000,889451,3.73396,60462432,30231216,
drift_r2,stdmap,synthetic:lognormal,drift,89,1800000,899271,3.91559,60776672,30388336,
drift_r2,stdmap,synthetic:lognormal,drift,90,1820000,909235,5.16635,61095520,30547760,
drift_r2,stdmap,synthetic:lognormal,drift,91,1840000,919215,5.30656,61414880,30707440,
drift_r2,stdmap,synthetic:lognormal,drift,92,1860000,929296,4.87384,61737472,30868736,
drift_r2,stdmap,synthetic:lognormal,drift,93,1880000,939299,5.19228,62057568,31028784,
drift_r2,stdmap,synthetic:lognormal,drift,94,1900000,949301,5.32027,62377632,31188816,
drift_r2,stdmap,synthetic:lognormal,drift,95,1920000,959337,3.52131,62698784,31349392,
drift_r2,stdmap,synthetic:lognormal,drift,96,1940000,969246,5.46691,63015872,31507936,
drift_r2,stdmap,synthetic:lognormal,drift,97,1960000,979232,5.43503,63335424,31667712,
drift_r2,stdmap,synthetic:lognormal,drift,98,1980000,989274,5.64573,63656768,31828384,
drift_r2,stdmap,synthetic:lognormal,drift,99,2000000,999355,5.54984,63979360,31989680,
regime_band,stdmap,synthetic:lognormal,regime,0,20000,9990,2.25898,32319680,16159840,
regime_band,stdmap,synthetic:lognormal,regime,1,40000,19994,3.72949,32639808,16319904,
regime_band,stdmap,synthetic:lognormal,regime,2,60000,30043,3.68355,32961376,16480688,
regime_band,stdmap,synthetic:lognormal,regime,3,80000,40070,4.06835,33282240,16641120,
regime_band,stdmap,synthetic:lognormal,regime,4,100000,50037,4.22023,33601184,16800592,
regime_band,stdmap,synthetic:lognormal,regime,5,120000,59982,4.40387,33919424,16959712,
regime_band,stdmap,synthetic:lognormal,regime,6,140000,69856,4.32826,34235392,17117696,
regime_band,stdmap,synthetic:lognormal,regime,7,160000,79854,4.1552,34555328,17277664,
regime_band,stdmap,synthetic:lognormal,regime,8,180000,89797,4.29465,34873504,17436752,
regime_band,stdmap,synthetic:lognormal,regime,9,200000,99756,3.76873,35192192,17596096,
regime_band,stdmap,synthetic:lognormal,regime,10,220000,109759,3.78719,35512288,17756144,
regime_band,stdmap,synthetic:lognormal,regime,11,240000,119547,3.78114,35825504,17912752,
regime_band,stdmap,synthetic:lognormal,regime,12,260000,129609,4.01778,36147488,18073744,
regime_band,stdmap,synthetic:lognormal,regime,13,280000,139638,3.96226,36468416,18234208,
regime_band,stdmap,synthetic:lognormal,regime,14,300000,149754,3.86757,36792128,18396064,
regime_band,stdmap,synthetic:lognormal,regime,15,320000,159776,4.03195,37112832,18556416,
regime_band,stdmap,synthetic:lognormal,regime,16,340000,169758,3.9832,37432256,18716128,
regime_band,stdmap,synthetic:lognormal,regime,17,360000,179703,3.84674,37750496,18875248,
regime_band,stdmap,synthetic:lognormal,regime,18,380000,189697,4.0111,38070304,19035152,
regime_band,stdmap,synthetic:lognormal,regime,19,400000,199700,3.61206,38390400,19195200,
regime_band,stdmap,synthetic:lognormal,regime,20,420000,209781,3.37098,38712992,19356496,
regime_band,stdmap,synthetic:lognormal,regime,21,440000,219804,3.66919,39033728,19516864,
regime_band,stdmap,synthetic:lognormal,regime,22,460000,229789,3.7135,39353248,19676624,
regime_band,stdmap,synthetic:lognormal,regime,23,480000,239772,3.63427,39672704,19836352,
regime_band,stdmap,synthetic:lognormal,regime,24,500000,249776,3.83123,39992832,19996416,
regime_band,stdmap,synthetic:lognormal,regime,25,520000,259720,3.76988,40311040,20155520,
regime_band,stdmap,synthetic:lognormal,regime,26,540000,269612,3.61647,40627584,20313792,
regime_band,stdmap,synthetic:lognormal,regime,27,560000,279558,3.80084,40945856,20472928,
regime_band,stdmap,synthetic:lognormal,regime,28,580000,289667,3.59906,41269344,20634672,
regime_band,stdmap,synthetic:lognormal,regime,29,600000,299584,3.58113,41586688,20793344,
regime_band,stdmap,synthetic:lognormal,regime,30,620000,309511,3.29358,41904352,20952176,
regime_band,stdmap,synthetic:lognormal,regime,31,640000,319333,3.4238,42218656,21109328,
regime_band,stdmap,synthetic:lognormal,regime,32,660000,329289,3.14585,42537248,21268624,
regime_band,stdmap,synthetic:lognormal,regime,33,680000,339308,3.51818,42857856,21428928,
regime_band,stdmap,synthetic:lognormal,regime,34,700000,349306,3.58246,43177792,21588896,
regime_band,stdmap,synthetic:lognormal,regime,35,720000,359359,3.46796,43499488,21749744,
regime_band,stdmap,synthetic:lognormal,regime,36,740000,369351,3.58391,43819232,21909616,
regime_band,stdmap,synthetic:lognormal,regime,37,760000,379377,3.53589,44140064,22070032,
regime_band,stdmap,synthetic:lognormal,regime,38,780000,389342,3.51232,44458944,22229472,
regime_band,stdmap,synthetic:lognormal,regime,39,800000,399247,3.63523,44775904,22387952,
regime_band,stdmap,synthetic:lognormal,regime,40,820000,409334,3.33781,45098688,22549344,
regime_band,stdmap,synthetic:lognormal,regime,41,840000,419396,3.2852,45420672,22710336,
regime_band,stdmap,synthetic:lognormal,regime,42,860000,429354,3.57422,45739328,22869664,
regime_band,stdmap,synthetic:lognormal,regime,43,880000,439297,3.095,46057504,23028752,
regime_band,stdmap,synthetic:lognormal,regime,44,900000,449318,3.02018,46378176,23189088,
regime_band,stdmap,synthetic:lognormal,regime,45,920000,459181,2.75799,46693792,23346896,
regime_band,stdmap,synthetic:lognormal,regime,46,940000,469196,3.04985,47014272,23507136,
regime_band,stdmap,synthetic:lognormal,regime,47,960000,479090,3.33994,47330880,23665440,
regime_band,stdmap,synthetic:lognormal,regime,48,980000,489115,3.00122,47651680,23825840,
regime_band,stdmap,synthetic:lognormal,regime,49,1000000,499026,3.32567,47968832,23984416,
regime_band,stdmap,synthetic:lognormal,regime,50,1020000,509034,5.05875,48289088,24144544,
regime_band,stdmap,synthetic:lognormal,regime,51,1040000,518953,5.141,48606496,24303248,
regime_band,stdmap,synthetic:lognormal,regime,52,1060000,529014,5.06393,48928448,24464224,
regime_band,stdmap,synthetic:lognormal,regime,53,1080000,539110,5.20207,49251520,24625760,
regime_band,stdmap,synthetic:lognormal,regime,54,1100000,549133,5.1599,49572256,24786128,
regime_band,stdmap,synthetic:lognormal,regime,55,1120000,559128,5.21563,49892096,24946048,
regime_band,stdmap,synthetic:lognormal,regime,56,1140000,569199,5.03826,50214368,25107184,
regime_band,stdmap,synthetic:lognormal,regime,57,1160000,579244,4.8725,50535808,25267904,
regime_band,stdmap,synthetic:lognormal,regime,58,1180000,589210,5.07185,50854720,25427360,
regime_band,stdmap,synthetic:lognormal,regime,59,1200000,599339,5.01809,51178848,25589424,
regime_band,stdmap,synthetic:lognormal,regime,60,1220000,609328,4.69585,51498496,25749248,
regime_band,stdmap,synthetic:lognormal,regime,61,1240000,619343,4.51799,51818976,25909488,
regime_band,stdmap,synthetic:lognormal,regime,62,1260000,629365,4.74037,52139680,26069840,
regime_band,stdmap,synthetic:lognormal,regime,63,1280000,639367,4.74205,52459744,26229872,
regime_band,stdmap,synthetic:lognormal,regime,64,1300000,649395,4.55689,52780640,26390320,
regime_band,stdmap,synthetic:lognormal,regime,65,1320000,659394,4.49695,53100608,26550304,
regime_band,stdmap,synthetic:lognormal,regime,66,1340000,669420,4.52033,53421440,26710720,
regime_band,stdmap,synthetic:lognormal,regime,67,1360000,679386,4.49455,53740352,26870176,
regime_band,stdmap,synthetic:lognormal,regime,68,1380000,689390,3.93349,54060480,27030240,
regime_band,stdmap,synthetic:lognormal,regime,69,1400000,699366,4.1449,54379712,27189856,
regime_band,stdmap,synthetic:lognormal,regime,70,1420000,709334,4.30748,54698688,27349344,
regime_band,stdmap,synthetic:lognormal,regime,71,1440000,719315,4.04146,55018080,27509040,
regime_band,stdmap,synthetic:lognormal,regime,72,1460000,729341,3.93801,55338912,27669456,
regime_band,stdmap,synthetic:lognormal,regime,73,1480000,739300,4.04749,55657600,27828800,
regime_band,stdmap,synthetic:lognormal,regime,74,1500000,749249,3.86259,55975968,27987984,
regime_band,stdmap,synthetic:lognormal,regime,75,1520000,759250,3.308,56296000,28148000,
regime_band,stdmap,synthetic:lognormal,regime,76,1540000,769200,3.7544,56614400,28307200,
regime_band,stdmap,synthetic:lognormal,regime,77,1560000,779166,3.81252,56933312,28466656,
regime_band,stdmap,synthetic:lognormal,regime,78,1580000,789228,3.60244,57255296,28627648,
regime_band,stdmap,synthetic:lognormal,regime,79,1600000,799276,3.8601,57576832,28788416,
regime_band,stdmap,synthetic:lognormal,regime,80,1620000,809196,3.87951,57894272,28947136,
regime_band,stdmap,synthetic:lognormal,regime,81,1640000,819243,3.58372,58215776,29107888,
regime_band,stdmap,synthetic:lognormal,regime,82,1660000,829216,3.59131,58534912,29267456,
regime_band,stdmap,synthetic:lognormal,regime,83,1680000,839140,3.57955,58852480,29426240,
regime_band,stdmap,synthetic:lognormal,regime,84,1700000,849054,3.53604,59169728,29584864,
regime_band,stdmap,synthetic:lognormal,regime,85,1720000,859094,3.5671,59491008,29745504,
regime_band,stdmap,synthetic:lognormal,regime,86,1740000,869028,3.59977,59808896,29904448,
regime_band,stdmap,synthetic:lognormal,regime,87,1760000,879020,3.33969,60128640,30064320,
regime_band,stdmap,synthetic:lognormal,regime,88,1780000,889110,3.49475,60451520,30225760,
regime_band,stdmap,synthetic:lognormal,regime,89,1800000,899103,3.4657,60771296,30385648,
regime_band,stdmap,synthetic:lognormal,regime,90,1820000,909089,3.17234,61090848,30545424,
regime_band,stdmap,synthetic:lognormal,regime,91,1840000,919077,3.37301,61410464,30705232,
regime_band,stdmap,synthetic:lognormal,regime,92,1860000,929066,3.22817,61730112,30865056,
regime_band,stdmap,synthetic:lognormal,regime,93,1880000,939044,3.28484,62049408,31024704,
regime_band,stdmap,synthetic:lognormal,regime,94,1900000,949023,3.29761,62368736,31184368,
regime_band,stdmap,synthetic:lognormal,regime,95,1920000,959068,3.0649,62690176,31345088,
regime_band,stdmap,synthetic:lognormal,regime,96,1940000,968999,2.90627,63007968,31503984,
regime_band,stdmap,synthetic:lognormal,regime,97,1960000,979019,3.08582,63328608,31664304,
regime_band,stdmap,synthetic:lognormal,regime,98,1980000,988950,3.00116,63646400,31823200,
regime_band,stdmap,synthetic:lognormal,regime,99,2000000,999052,3.20269,63969664,31984832,
regime_append,stdmap,synthetic:lognormal,regime,0,20000,9990,2.64166,32319680,16159840,
regime_append,stdmap,synthetic:lognormal,regime,1,40000,19994,3.56949,32639808,16319904,
regime_append,stdmap,synthetic:lognormal,regime,2,60000,30043,4.32526,32961376,16480688,
regime_append,stdmap,synthetic:lognormal,regime,3,80000,40070,4.4906,33282240,16641120,
regime_append,stdmap,synthetic:lognormal,regime,4,100000,50037,4.4267,33601184,16800592,
regime_append,stdmap,synthetic:lognormal,regime,5,120000,59982,4.22022,33919424,16959712,
regime_append,stdmap,synthetic:lognormal,regime,6,140000,69856,4.40415,34235392,17117696,
regime_append,stdmap,synthetic:lognormal,regime,7,160000,79854,4.41855,34555328,17277664,
regime_append,stdmap,synthetic:lognormal,regime,8,180000,89797,4.29434,34873504,17436752,
regime_append,stdmap,synthetic:lognormal,regime,9,200000,99756,4.19878,35192192,17596096,
regime_append,stdmap,synthetic:lognormal,regime,10,220000,109759,4.3899,35512288,17756144,
regime_append,stdmap,synthetic:lognormal,regime,11,240000,119547,4.26034,35825504,17912752,
regime_append,stdmap,synthetic:lognormal,regime,12,260000,129609,4.07021,36147488,18073744,
regime_append,stdmap,synthetic:lognormal,regime,13,280000,139638,4.24388,36468416,18234208,
regime_append,stdmap,synthetic:lognormal,regime,14,300000,149754,4.01664,36792128,18396064,
regime_append,stdmap,synthetic:lognormal,regime,15,320000,159776,3.96167,37112832,18556416,
regime_append,stdmap,synthetic:lognormal,regime,16,340000,169758,4.08632,37432256,18716128,
regime_append,stdmap,synthetic:lognormal,regime,17,360000,179703,4.11399,37750496,18875248,
regime_append,stdmap,synthetic:lognormal,regime,18,380000,189697,3.88985,38070304,19035152,
regime_append,stdmap,synthetic:lognormal,regime,19,400000,199700,3.87788,38390400,19195200,
regime_append,stdmap,synthetic:lognormal,regime,20,420000,209781,3.99717,38712992,19356496,
regime_append,stdmap,synthetic:lognormal,regime,21,440000,219804,3.65511,39033728,19516864,
regime_append,stdmap,synthetic:lognormal,regime,22,460000,229789,3.59553,39353248,19676624,
regime_append,stdmap,synthetic:lognormal,regime,23,480000,239772,3.42688,39672704,19836352,
regime_append,stdmap,synthetic:lognormal,regime,24,500000,249776,3.77356,39992832,19996416,
regime_append,stdmap,synthetic:lognormal,regime,25,520000,259720,3.70639,40311040,20155520,
regime_append,stdmap,synthetic:lognormal,regime,26,540000,269612,3.87394,40627584,20313792,
regime_append,stdmap,synthetic:lognormal,regime,27,560000,279558,3.86707,40945856,20472928,
regime_append,stdmap,synthetic:lognormal,regime,28,580000,289667,3.67672,41269344,20634672,
regime_append,stdmap,synthetic:lognormal,regime,29,600000,299584,3.86772,41586688,20793344,
regime_append,stdmap,synthetic:lognormal,regime,30,620000,309511,3.79405,41904352,20952176,
regime_append,stdmap,synthetic:lognormal,regime,31,640000,319333,3.527,42218656,21109328,
regime_append,stdmap,synthetic:lognormal,regime,32,660000,329289,3.80511,42537248,21268624,
regime_append,stdmap,synthetic:lognormal,regime,33,680000,339308,3.72234,42857856,21428928,
regime_append,stdmap,synthetic:lognormal,regime,34,700000,349306,3.59516,43177792,21588896,
regime_append,stdmap,synthetic:lognormal,regime,35,720000,359359,3.6738,43499488,21749744,
regime_append,stdmap,synthetic:lognormal,regime,36,740000,369351,3.60444,43819232,21909616,
regime_append,stdmap,synthetic:lognormal,regime,37,760000,379377,3.40401,44140064,22070032,
regime_append,stdmap,synthetic:lognormal,regime,38,780000,389342,3.67557,44458944,22229472,
regime_append,stdmap,synthetic:lognormal,regime,39,800000,399247,3.65478,44775904,22387952,
regime_append,stdmap,synthetic:lognormal,regime,40,820000,409334,3.42353,45098688,22549344,
regime_append,stdmap,synthetic:lognormal,regime,41,840000,419396,3.53144,45420672,22710336,
regime_append,stdmap,synthetic:lognormal,regime,42,860000,429354,3.55519,45739328,22869664,
regime_append,stdmap,synthetic:lognormal,regime,43,880000,439297,3.14245,46057504,23028752,
regime_append,stdmap,synthetic:lognormal,regime,44,900000,449318,3.47819,46378176,23189088,
regime_append,stdmap,synthetic:lognormal,regime,45,920000,459181,3.53714,46693792,23346896,
regime_append,stdmap,synthetic:lognormal,regime,46,940000,469196,3.37432,47014272,23507136,
regime_append,stdmap,synthetic:lognormal,regime,47,960000,479090,3.54487,47330880,23665440,
regime_append,stdmap,synthetic:lognormal,regime,48,980000,489115,3.35984,47651680,23825840,
regime_append,stdmap,synthetic:lognormal,regime,49,1000000,499026,3.31393,47968832,23984416,
regime_append,stdmap,synthetic:lognormal,regime,50,1020000,508983,6.87689,48287456,24143728,
regime_append,stdmap,synthetic:lognormal,regime,51,1040000,519120,7.98483,48611840,24305920,
regime_append,stdmap,synthetic:lognormal,regime,52,1060000,529102,7.67816,48931264,24465632,
regime_append,stdmap,synthetic:lognormal,regime,53,1080000,539107,7.46815,49251424,24625712,
regime_append,stdmap,synthetic:lognormal,regime,54,1100000,549059,7.44255,49569888,24784944,
regime_append,stdmap,synthetic:lognormal,regime,55,1120000,559059,7.9774,49889888,24944944,
regime_append,stdmap,synthetic:lognormal,regime,56,1140000,569042,7.93349,50209344,25104672,
regime_append,stdmap,synthetic:lognormal,regime,57,1160000,579003,7.82371,50528096,25264048,
regime_append,stdmap,synthetic:lognormal,regime,58,1180000,589056,7.88488,50849792,25424896,
regime_append,stdmap,synthetic:lognormal,regime,59,1200000,599013,7.58318,51168416,25584208,
regime_append,stdmap,synthetic:lognormal,regime,60,1220000,609036,7.26909,51489152,25744576,
regime_append,stdmap,synthetic:lognormal,regime,61,1240000,618994,7.43414,51807808,25903904,
regime_append,stdmap,synthetic:lognormal,regime,62,1260000,628943,7.53804,52126176,26063088,
regime_append,stdmap,synthetic:lognormal,regime,63,1280000,639059,7.90657,52449888,26224944,
regime_append,stdmap,synthetic:lognormal,regime,64,1300000,649134,7.6095,52772288,26386144,
regime_append,stdmap,synthetic:lognormal,regime,65,1320000,658960,7.47128,53086720,26543360,
regime_append,stdmap,synthetic:lognormal,regime,66,1340000,669017,7.16557,53408544,26704272,
regime_append,stdmap,synthetic:lognormal,regime,67,1360000,679047,7.23535,53729504,26864752,
regime_append,stdmap,synthetic:lognormal,regime,68,1380000,689141,7.59374,54052512,27026256,
regime_append,stdmap,synthetic:lognormal,regime,69,1400000,699124,7.74181,54371968,27185984,
regime_append,stdmap,synthetic:lognormal,regime,70,1420000,709171,7.10133,54693472,27346736,
regime_append,stdmap,synthetic:lognormal,regime,71,1440000,719211,5.71633,55014752,27507376,
regime_append,stdmap,synthetic:lognormal,regime,72,1460000,729239,5.83757,55335648,27667824,
regime_append,stdmap,synthetic:lognormal,regime,73,1480000,739177,7.09146,55653664,27826832,
regime_append,stdmap,synthetic:lognormal,regime,74,1500000,749251,7.27064,55976032,27988016,
regime_append,stdmap,synthetic:lognormal,regime,75,1520000,759175,7.34091,56293600,28146800,
regime_append,stdmap,synthetic:lognormal,regime,76,1540000,769177,7.39508,56613664,28306832,
regime_append,stdmap,synthetic:lognormal,regime,77,1560000,779275,7.24911,56936800,28468400,
regime_append,stdmap,synthetic:lognormal,regime,78,1580000,789324,6.86843,57258368,28629184,
regime_append,stdmap,synthetic:lognormal,regime,79,1600000,799454,5.87465,57582528,28791264,
regime_append,stdmap,synthetic:lognormal,regime,80,1620000,809374,6.25106,57899968,28949984,
regime_append,stdmap,synthetic:lognormal,regime,81,1640000,819308,6.36301,58217856,29108928,
regime_append,stdmap,synthetic:lognormal,regime,82,1660000,829372,6.77077,58539904,29269952,
regime_append,stdmap,synthetic:lognormal,regime,83,1680000,839405,7.07797,58860960,29430480,
regime_append,stdmap,synthetic:lognormal,regime,84,1700000,849468,7.01693,59182976,29591488,
regime_append,stdmap,synthetic:lognormal,regime,85,1720000,859473,7.50704,59503136,29751568,
regime_append,stdmap,synthetic:lognormal,regime,86,1740000,869557,7.8889,59825824,29912912,
regime_append,stdmap,synthetic:lognormal,regime,87,1760000,879659,7.69737,60149088,30074544,
regime_append,stdmap,synthetic:lognormal,regime,88,1780000,889621,7.78008,60467872,30233936,
regime_append,stdmap,synthetic:lognormal,regime,89,1800000,899727,7.62849,60791264,30395632,
regime_append,stdmap,synthetic:lognormal,regime,90,1820000,909711,7.35869,61110752,30555376,
regime_append,stdmap,synthetic:lognormal,regime,91,1840000,919702,7.76599,61430464,30715232,
regime_append,stdmap,synthetic:lognormal,regime,92,1860000,929711,7.82039,61750752,30875376,
regime_append,stdmap,synthetic:lognormal,regime,93,1880000,939758,7.95479,62072256,31036128,
regime_append,stdmap,synthetic:lognormal,regime,94,1900000,949659,7.68627,62389088,31194544,
regime_append,stdmap,synthetic:lognormal,regime,95,1920000,959633,7.63723,62708256,31354128,
regime_append,stdmap,synthetic:lognormal,regime,96,1940000,969660,7.38484,63029120,31514560,
regime_append,stdmap,synthetic:lognormal,regime,97,1960000,979610,7.3316,63347520,31673760,
regime_append,stdmap,synthetic:lognormal,regime,98,1980000,989596,7.61578,63667072,31833536,
regime_append,stdmap,synthetic:lognormal,regime,99,2000000,999598,7.51962,63987136,31993568,
hot_w0.1,btree,synthetic:lognormal,hotrange,0,20000,9863,4.32499,2088416,20045760,leaves=71592;inner_nodes=7678
hot_w0.1,btree,synthetic:lognormal,hotrange,1,40000,19915,4.78985,2176544,22261680,leaves=79506;inner_nodes=8002
hot_w0.1,btree,synthetic:lognormal,hotrange,2,60000,29968,4.43353,2185792,24127320,leaves=86169;inner_nodes=8036
hot_w0.1,btree,synthetic:lognormal,hotrange,3,80000,40080,3.80521,2187152,25692800,leaves=91760;inner_nodes=8041
hot_w0.1,btree,synthetic:lognormal,hotrange,4,100000,50032,5.28024,2190416,27004040,leaves=96443;inner_nodes=8053
hot_w0.1,btree,synthetic:lognormal,hotrange,5,120000,59880,5.38479,2196400,28110880,leaves=100396;inner_nodes=8075
hot_w0.1,btree,synthetic:lognormal,hotrange,6,140000,69955,5.74775,2213536,29051680,leaves=103756;inner_nodes=8138
hot_w0.1,btree,synthetic:lognormal,hotrange,7,160000,79797,5.69611,2238288,29826160,leaves=106522;inner_nodes=8229
hot_w0.1,btree,synthetic:lognormal,hotrange,8,180000,89748,5.73511,2267392,30499840,leaves=108928;inner_nodes=8336
hot_w0.1,btree,synthetic:lognormal,hotrange,9,200000,99688,5.87012,2305744,31078600,leaves=110995;inner_nodes=8477
hot_w0.1,btree,synthetic:lognormal,hotrange,10,220000,109773,6.07726,2354432,31605280,leaves=112876;inner_nodes=8656
hot_w0.1,btree,synthetic:lognormal,hotrange,11,240000,119673,6.27435,2396864,32032280,leaves=114401;inner_nodes=8812
hot_w0.1,btree,synthetic:lognormal,hotrange,12,260000,129715,6.27853,2451264,32393480,leaves=115691;inner_nodes=9012
hot_w0.1,btree,synthetic:lognormal,hotrange,13,280000,139696,5.98982,2495872,32707640,leaves=116813;inner_nodes=9176
hot_w0.1,btree,synthetic:lognormal,hotrange,14,300000,149765,6.27664,2542656,32973080,leaves=117761;inner_nodes=9348
hot_w0.1,btree,synthetic:lognormal,hotrange,15,320000,159795,6.4623,2598416,33227040,leaves=118668;inner_nodes=9553
hot_w0.1,btree,synthetic:lognormal,hotrange,16,340000,169749,6.62764,2638944,33421080,leaves=119361;inner_nodes=9702
hot_w0.1,btree,synthetic:lognormal,hotrange,17,360000,179611,6.51457,2682736,33595520,leaves=119984;inner_nodes=9863
hot_w0.1,btree,synthetic:lognormal,hotrange,18,380000,189579,6.39966,2725440,33761840,leaves=120578;inner_nodes=10020
hot_w0.1,btree,synthetic:lognormal,hotrange,19,400000,199537,6.36951,2767056,33912480,leaves=121116;inner_nodes=10173
hot_w0.1,btree,synthetic:lognormal,hotrange,20,420000,209514,6.5098,2800784,34039880,leaves=121571;inner_nodes=10297
hot_w0.1,btree,synthetic:lognormal,hotrange,21,440000,219458,6.25578,2839680,34165040,leaves=122018;inner_nodes=10440
hot_w0.1,btree,synthetic:lognormal,hotrange,22,460000,229222,6.59749,2869600,34277320,leaves=122419;inner_nodes=10550
hot_w0.1,btree,synthetic:lognormal,hotrange,23,480000,239230,6.35349,2900336,34387080,leaves=122811;inner_nodes=10663
hot_w0.1,btree,synthetic:lognormal,hotrange,24,500000,249293,6.30815,2929712,34498520,leaves=123209;inner_nodes=10771
hot_w0.1,btree,synthetic:lognormal,hotrange,25,520000,259205,6.43587,2954736,34600160,leaves=123572;inner_nodes=10863
hot_w0.1,btree,synthetic:lognormal,hotrange,26,540000,269186,6.57336,2982480,34711320,leaves=123969;inner_nodes=10965
hot_w0.1,btree,synthetic:lognormal,hotrange,27,560000,279153,6.52653,3015936,34836200,leaves=124415;inner_nodes=11088
hot_w0.1,btree,synthetic:lognormal,hotrange,28,580000,289179,6.53408,3047760,34957440,leaves=124848;inner_nodes=11205
hot_w0.1,btree,synthetic:lognormal,hotrange,29,600000,299167,6.3123,3077136,35084840,leaves=125303;inner_nodes=11313
hot_w0.1,btree,synthetic:lognormal,hotrange,30,620000,309056,6.40512,3108416,35232400,leaves=125830;inner_nodes=11428
hot_w0.1,btree,synthetic:lognormal,hotrange,31,640000,319043,6.50468,3138064,35384440,leaves=126373;inner_nodes=11537
hot_w0.1,btree,synthetic:lognormal,hotrange,32,660000,328941,6.32945,3154928,35536200,leaves=126915;inner_nodes=11599
hot_w0.1,btree,synthetic:lognormal,hotrange,33,680000,338977,6.3647,3172064,35701680,leaves=127506;inner_nodes=11662
hot_w0.1,btree,synthetic:lognormal,hotrange,34,700000,349040,6.33597,3188928,35873040,leaves=128118;inner_nodes=11724
hot_w0.1,btree,synthetic:lognormal,hotrange,35,720000,359066,5.64719,3206064,36046920,leaves=128739;inner_nodes=11787
hot_w0.1,btree,synthetic:lognormal,hotrange,36,740000,369123,6.14148,3214224,36252160,leaves=129472;inner_nodes=11817
hot_w0.1,btree,synthetic:lognormal,hotrange,37,760000,379199,5.94265,3223472,36440320,leaves=130144;inner_nodes=11851
hot_w0.1,btree,synthetic:lognormal,hotrange,38,780000,389144,6.32419,3231904,36640800,leaves=130860;inner_nodes=11882
hot_w0.1,btree,synthetic:lognormal,hotrange,39,800000,399249,6.31313,3240880,36836520,leaves=131559;inner_nodes=11915
hot_w0.1,btree,synthetic:lognormal,hotrange,40,820000,409211,6.10897,3247952,37020200,leaves=132215;inner_nodes=11941
hot_w0.1,btree,synthetic:lognormal,hotrange,41,840000,419310,6.34208,3259376,37212560,leaves=132902;inner_nodes=11983
hot_w0.1,btree,synthetic:lognormal,hotrange,42,860000,429380,6.31214,3270528,37415280,leaves=133626;inner_nodes=12024
hot_w0.1,btree,synthetic:lognormal,hotrange,43,880000,439338,6.32786,3279776,37585240,leaves=134233;inner_nodes=12058
hot_w0.1,btree,synthetic:lognormal,hotrange,44,900000,449234,6.40213,3295824,37761360,leaves=134862;inner_nodes=12117
hot_w0.1,btree,synthetic:lognormal,hotrange,45,920000,459329,6.09865,3311600,37916200,leaves=135415;inner_nodes=12175
hot_w0.1,btree,synthetic:lognormal,hotrange,46,940000,469362,6.27599,3334448,38082520,leaves=136009;inner_nodes=12259
hot_w0.1,btree,synthetic:lognormal,hotrange,47,960000,479399,6.45552,3362192,38239320,leaves=136569;inner_nodes=12361
hot_w0.1,btree,synthetic:lognormal,hotrange,48,980000,489432,6.54915,3386944,38379320,leaves=137069;inner_nodes=12452
hot_w0.1,btree,synthetic:lognormal,hotrange,49,1000000,499543,6.44962,3418768,38520440,leaves=137573;inner_nodes=12569
hot_w0.1,btree,synthetic:lognormal,hotrange,50,1020000,509606,6.26477,3451680,38654280,leaves=138051;inner_nodes=12690
hot_w0.1,btree,synthetic:lognormal,hotrange,51,1040000,519615,6.34736,3481328,38776360,leaves=138487;inner_nodes=12799
hot_w0.1,btree,synthetic:lognormal,hotrange,52,1060000,529577,6.44192,3511792,38906280,leaves=138951;inner_nodes=12911
hot_w0.1,btree,synthetic:lognormal,hotrange,53,1080000,539515,6.45682,3543072,39034240,leaves=139408;inner_nodes=13026
hot_w0.1,btree,synthetic:lognormal,hotrange,54,1100000,549508,6.4154,3572448,39172280,leaves=139901;inner_nodes=13134
hot_w0.1,btree,synthetic:lognormal,hotrange,55,1120000,559598,6.19979,3601824,39317880,leaves=140421;inner_nodes=13242
hot_w0.1,btree,synthetic:lognormal,hotrange,56,1140000,569547,6.15393,3627664,39457040,leaves=140918;inner_nodes=13337
hot_w0.1,btree,synthetic:lognormal,hotrange,57,1160000,579681,6.45439,3649424,39599560,leaves=141427;inner_nodes=13417
hot_w0.1,btree,synthetic:lognormal,hotrange,58,1180000,589717,6.44131,3669824,39747400,leaves=141955;inner_nodes=13492
hot_w0.1,btree,synthetic:lognormal,hotrange,59,1200000,599772,6.36993,3689952,39912040,leaves=142543;inner_nodes=13566
hot_w0.1,btree,synthetic:lognormal,hotrange,60,1220000,609836,6.28215,3711712,40088720,leaves=143174;inner_nodes=13646
hot_w0.1,btree,synthetic:lognormal,hotrange,61,1240000,619876,5.87321,3737280,40269600,leaves=143820;inner_nodes=13740
hot_w0.1,btree,synthetic:lognormal,hotrange,62,1260000,629995,6.12628,3760128,40464760,leaves=144517;inner_nodes=13824
hot_w0.1,btree,synthetic:lognormal,hotrange,63,1280000,640039,6.18294,3780800,40672800,leaves=145260;inner_nodes=13900
hot_w0.1,btree,synthetic:lognormal,hotrange,64,1300000,650158,6.28248,3803920,40883640,leaves=146013;inner_nodes=13985
hot_w0.1,btree,synthetic:lognormal,hotrange,65,1320000,660201,6.01217,3823504,41109320,leaves=146819;inner_nodes=14057
hot_w0.1,btree,synthetic:lognormal,hotrange,66,1340000,670151,5.97595,3839552,41347320,leaves=147669;inner_nodes=14116
hot_w0.1,btree,synthetic:lognormal,hotrange,67,1360000,680132,6.20564,3852608,41581680,leaves=148506;inner_nodes=14164
hot_w0.1,btree,synthetic:lognormal,hotrange,68,1380000,690143,6.18549,3865120,41825560,leaves=149377;inner_nodes=14210
hot_w0.1,btree,synthetic:lognormal,hotrange,69,1400000,700218,6.27205,3875456,42091840,leaves=150328;inner_nodes=14248
hot_w0.1,btree,synthetic:lognormal,hotrange,70,1420000,710291,6.29665,3885248,42346920,leaves=151239;inner_nodes=14284
hot_w0.1,btree,synthetic:lognormal,hotrange,71,1440000,720231,6.12378,3893136,42595840,leaves=152128;inner_nodes=14313
hot_w0.1,btree,synthetic:lognormal,hotrange,72,1460000,730067,5.60964,3901296,42859880,leaves=153071;inner_nodes=14343
hot_w0.1,btree,synthetic:lognormal,hotrange,73,1480000,740048,6.04694,3909728,43132880,leaves=154046;inner_nodes=14374
hot_w0.1,btree,synthetic:lognormal,hotrange,74,1500000,750012,6.24447,3915168,43412320,leaves=155044;inner_nodes=14394
hot_w0.1,btree,synthetic:lognormal,hotrange,75,1520000,759882,6.23798,3923872,43671600,leaves=155970;inner_nodes=14426
hot_w0.1,btree,synthetic:lognormal,hotrange,76,1540000,770030,5.92607,3932304,43923040,leaves=156868;inner_nodes=14457
hot_w0.1,btree,synthetic:lognormal,hotrange,77,1560000,780147,6.19219,3940192,44165240,leaves=157733;inner_nodes=14486
hot_w0.1,btree,synthetic:lognormal,hotrange,78,1580000,790078,6.38086,3948080,44420320,leaves=158644;inner_nodes=14515
hot_w0.1,btree,synthetic:lognormal,hotrange,79,1600000,800166,6.36014,3962768,44679040,leaves=159568;inner_nodes=14569
hot_w0.1,btree,synthetic:lognormal,hotrange,80,1620000,810260,6.31214,3982080,44932440,leaves=160473;inner_nodes=14640
hot_w0.1,btree,synthetic:lognormal,hotrange,81,1640000,820175,6.38859,4004928,45150000,leaves=161250;inner_nodes=14724
hot_w0.1,btree,synthetic:lognormal,hotrange,82,1660000,830057,6.07395,4031856,45377080,leaves=162061;inner_nodes=14823
hot_w0.1,btree,synthetic:lognormal,hotrange,83,1680000,839997,6.20171,4063680,45598560,leaves=162852;inner_nodes=14940
hot_w0.1,btree,synthetic:lognormal,hotrange,84,1700000,850092,5.6063,4099584,45822280,leaves=163651;inner_nodes=15072
hot_w0.1,btree,synthetic:lognormal,hotrange,85,1720000,860165,5.9219,4139024,46028080,leaves=164386;inner_nodes=15217
hot_w0.1,btree,synthetic:lognormal,hotrange,86,1740000,870178,5.9893,4172208,46234440,leaves=165123;inner_nodes=15339
hot_w0.1,btree,synthetic:lognormal,hotrange,87,1760000,880134,5.82715,4214912,46439680,leaves=165856;inner_nodes=15496
hot_w0.1,btree,synthetic:lognormal,hotrange,88,1780000,890177,6.04671,4263328,46658640,leaves=166638;inner_nodes=15674
hot_w0.1,btree,synthetic:lognormal,hotrange,89,1800000,900060,6.24658,4301952,46845120,leaves=167304;inner_nodes=15816
hot_w0.1,btree,synthetic:lognormal,hotrange,90,1820000,910029,6.21512,4341120,47034960,leaves=167982;inner_nodes=15960
hot_w0.1,btree,synthetic:lognormal,hotrange,91,1840000,920086,6.21311,4381376,47230400,leaves=168680;inner_nodes=16108
hot_w0.1,btree,synthetic:lognormal,hotrange,92,1860000,930139,5.87983,4417824,47436200,leaves=169415;inner_nodes=16242
hot_w0.1,btree,synthetic:lognormal,hotrange,93,1880000,940184,6.02826,4459440,47649000,leaves=170175;inner_nodes=16395
hot_w0.1,btree,synthetic:lognormal,hotrange,94,1900000,950167,6.0042,4496432,47853120,leaves=170904;inner_nodes=16531
hot_w0.1,btree,synthetic:lognormal,hotrange,95,1920000,960196,5.61449,4525536,48052480,leaves=171616;inner_nodes=16638
hot_w0.1,btree,synthetic:lognormal,hotrange,96,1940000,970255,5.89724,4556272,48270880,leaves=172396;inner_nodes=16751
hot_w0.1,btree,synthetic:lognormal,hotrange,97,1960000,980196,5.81755,4589456,48496840,leaves=173203;inner_nodes=16873
hot_w0.1,btree,synthetic:lognormal,hotrange,98,1980000,990225,6.09965,4618560,48722520,leaves=174009;inner_nodes=16980
hot_w0.1,btree,synthetic:lognormal,hotrange,99,2000000,1000304,6.12315,4647936,48948480,leaves=174816;inner_nodes=17088
hot_w0.01,btree,synthetic:lognormal,hotrange,0,20000,9956,4.60542,2089232,20066760,leaves=71667;inner_nodes=7681
hot_w0.01,btree,synthetic:lognormal,hotrange,1,40000,20038,5.09695,2176272,22281280,leaves=79576;inner_nodes=8001
hot_w0.01,btree,synthetic:lognormal,hotrange,2,60000,30032,5.32682,2186064,24115560,leaves=86127;inner_nodes=8037
hot_w0.01,btree,synthetic:lognormal,hotrange,3,80000,40043,5.58763,2188240,25641000,leaves=91575;inner_nodes=8045
hot_w0.01,btree,synthetic:lognormal,hotrange,4,100000,50053,5.8763,2195040,26927320,leaves=96169;inner_nodes=8070
hot_w0.01,btree,synthetic:lognormal,hotrange,5,120000,59903,6.13685,2201840,28005320,leaves=100019;inner_nodes=8095
hot_w0.01,btree,synthetic:lognormal,hotrange,6,140000,69905,6.28313,2215712,28916440,leaves=103273;inner_nodes=8146
hot_w0.01,btree,synthetic:lognormal,hotrange,7,160000,79790,6.31355,2236656,29674120,leaves=105979;inner_nodes=8223
hot_w0.01,btree,synthetic:lognormal,hotrange,8,180000,89744,6.30492,2259504,30339400,leaves=108355;inner_nodes=8307
hot_w0.01,btree,synthetic:lognormal,hotrange,9,200000,99768,6.02644,2287792,30929360,leaves=110462;inner_nodes=8411
hot_w0.01,btree,synthetic:lognormal,hotrange,10,220000,109881,5.44298,2329680,31467240,leaves=112383;inner_nodes=8565
hot_w0.01,btree,synthetic:lognormal,hotrange,11,240000,119827,6.07026,2368032,31932600,leaves=114045;inner_nodes=8706
hot_w0.01,btree,synthetic:lognormal,hotrange,12,260000,129810,5.76148,2417808,32343080,leaves=115511;inner_nodes=8889
hot_w0.01,btree,synthetic:lognormal,hotrange,13,280000,139744,6.30509,2459968,32719680,leaves=116856;inner_nodes=9044
hot_w0.01,btree,synthetic:lognormal,hotrange,14,300000,149741,6.31222,2507840,33045880,leaves=118021;inner_nodes=9220
hot_w0.01,btree,synthetic:lognormal,hotrange,15,320000,159768,6.53443,2567680,33350800,leaves=119110;inner_nodes=9440
hot_w0.01,btree,synthetic:lognormal,hotrange,16,340000,169742,6.58581,2617184,33589360,leaves=119962;inner_nodes=9622
hot_w0.01,btree,synthetic:lognormal,hotrange,17,360000,179768,6.49905,2665600,33803000,leaves=120725;inner_nodes=9800
hot_w0.01,btree,synthetic:lognormal,hotrange,18,380000,189817,6.37222,2717008,34006840,leaves=121453;inner_nodes=9989
hot_w0.01,btree,synthetic:lognormal,hotrange,19,400000,199744,6.18357,2767056,34191920,leaves=122114;inner_nodes=10173
hot_w0.01,btree,synthetic:lognormal,hotrange,20,420000,209758,6.30368,2808400,34376440,leaves=122773;inner_nodes=10325
hot_w0.01,btree,synthetic:lognormal,hotrange,21,440000,219696,6.52964,2856000,34556200,leaves=123415;inner_nodes=10500
hot_w0.01,btree,synthetic:lognormal,hotrange,22,460000,229542,6.57093,2889456,34726720,leaves=124024;inner_nodes=10623
hot_w0.01,btree,synthetic:lognormal,hotrange,23,480000,239617,6.52759,2919104,34883800,leaves=124585;inner_nodes=10732
hot_w0.01,btree,synthetic:lognormal,hotrange,24,500000,249497,6.51245,2943856,35049000,leaves=125175;inner_nodes=10823
hot_w0.01,btree,synthetic:lognormal,hotrange,25,520000,259449,6.46752,2961808,35185080,leaves=125661;inner_nodes=10889
hot_w0.01,btree,synthetic:lognormal,hotrange,26,540000,269561,6.41137,2989008,35325080,leaves=126161;inner_nodes=10989
hot_w0.01,btree,synthetic:lognormal,hotrange,27,560000,279542,6.43285,3023552,35447720,leaves=126599;inner_nodes=11116
hot_w0.01,btree,synthetic:lognormal,hotrange,28,580000,289575,6.58057,3057824,35563360,leaves=127012;inner_nodes=11242
hot_w0.01,btree,synthetic:lognormal,hotrange,29,600000,299595,6.35231,3086384,35673960,leaves=127407;inner_nodes=11347
hot_w0.01,btree,synthetic:lognormal,hotrange,30,620000,309547,6.35131,3116576,35795200,leaves=127840;inner_nodes=11458
hot_w0.01,btree,synthetic:lognormal,hotrange,31,640000,319508,6.56904,3144048,35915320,leaves=128269;inner_nodes=11559
hot_w0.01,btree,synthetic:lognormal,hotrange,32,660000,329429,6.61202,3163360,36026480,leaves=128666;inner_nodes=11630
hot_w0.01,btree,synthetic:lognormal,hotrange,33,680000,339410,6.25228,3184576,36153600,leaves=129120;inner_nodes=11708
hot_w0.01,btree,synthetic:lognormal,hotrange,34,700000,349458,6.32328,3199264,36281560,leaves=129577;inner_nodes=11762
hot_w0.01,btree,synthetic:lognormal,hotrange,35,720000,359458,6.25089,3219664,36418200,leaves=130065;inner_nodes=11837
hot_w0.01,btree,synthetic:lognormal,hotrange,36,740000,369399,6.50354,3228912,36564920,leaves=130589;inner_nodes=11871
hot_w0.01,btree,synthetic:lognormal,hotrange,37,760000,379495,6.50486,3238160,36703240,leaves=131083;inner_nodes=11905
hot_w0.01,btree,synthetic:lognormal,hotrange,38,780000,389459,5.98027,3252304,36847720,leaves=131599;inner_nodes=11957
hot_w0.01,btree,synthetic:lognormal,hotrange,39,800000,399647,5.98564,3266720,36984920,leaves=132089;inner_nodes=12010
hot_w0.01,btree,synthetic:lognormal,hotrange,40,820000,409671,6.37637,3280320,37114000,leaves=132550;inner_nodes=12060
hot_w0.01,btree,synthetic:lognormal,hotrange,41,840000,419710,6.48692,3301264,37240840,leaves=133003;inner_nodes=12137
hot_w0.01,btree,synthetic:lognormal,hotrange,42,860000,429720,6.46726,3327376,37380560,leaves=133502;inner_nodes=12233
hot_w0.01,btree,synthetic:lognormal,hotrange,43,880000,439671,6.54102,3349680,37513840,leaves=133978;inner_nodes=12315
hot_w0.01,btree,synthetic:lognormal,hotrange,44,900000,449665,6.28947,3378240,37653280,leaves=134476;inner_nodes=12420
hot_w0.01,btree,synthetic:lognormal,hotrange,45,920000,459723,5.50219,3404080,37791320,leaves=134969;inner_nodes=12515
hot_w0.01,btree,synthetic:lognormal,hotrange,46,940000,469719,6.20091,3429648,37946440,leaves=135523;inner_nodes=12609
hot_w0.01,btree,synthetic:lognormal,hotrange,47,960000,479727,6.41145,3452224,38100440,leaves=136073;inner_nodes=12692
hot_w0.01,btree,synthetic:lognormal,hotrange,48,980000,489682,6.45882,3465008,38259760,leaves=136642;inner_nodes=12739
hot_w0.01,btree,synthetic:lognormal,hotrange,49,1000000,499740,6.26526,3481600,38418800,leaves=137210;inner_nodes=12800
hot_w0.01,btree,synthetic:lognormal,hotrange,50,1020000,509850,5.92329,3500096,38585960,leaves=137807;inner_nodes=12868
hot_w0.01,btree,synthetic:lognormal,hotrange,51,1040000,519782,6.34543,3511792,38752280,leaves=138401;inner_nodes=12911
hot_w0.01,btree,synthetic:lognormal,hotrange,52,1060000,529739,6.35585,3526208,38940720,leaves=139074;inner_nodes=12964
hot_w0.01,btree,synthetic:lognormal,hotrange,53,1080000,539686,6.54022,3539808,39128320,leaves=139744;inner_nodes=13014
hot_w0.01,btree,synthetic:lognormal,hotrange,54,1100000,549673,6.43483,3552864,39312840,leaves=140403;inner_nodes=13062
hot_w0.01,btree,synthetic:lognormal,hotrange,55,1120000,559711,6.30467,3564288,39500160,leaves=141072;inner_nodes=13104
hot_w0.01,btree,synthetic:lognormal,hotrange,56,1140000,569814,6.32745,3576256,39681320,leaves=141719;inner_nodes=13148
hot_w0.01,btree,synthetic:lognormal,hotrange,57,1160000,579892,6.54611,3589040,39872280,leaves=142401;inner_nodes=13195
hot_w0.01,btree,synthetic:lognormal,hotrange,58,1180000,589936,6.42441,3605904,40056520,leaves=143059;inner_nodes=13257
hot_w0.01,btree,synthetic:lognormal,hotrange,59,1200000,599931,6.38553,3625760,40253080,leaves=143761;inner_nodes=13330
hot_w0.01,btree,synthetic:lognormal,hotrange,60,1220000,610015,6.43164,3647520,40450200,leaves=144465;inner_nodes=13410
hot_w0.01,btree,synthetic:lognormal,hotrange,61,1240000,620108,6.23968,3672272,40635280,leaves=145126;inner_nodes=13501
hot_w0.01,btree,synthetic:lognormal,hotrange,62,1260000,630077,6.44295,3704640,40821480,leaves=145791;inner_nodes=13620
hot_w0.01,btree,synthetic:lognormal,hotrange,63,1280000,640106,6.49685,3739184,41003480,leaves=146441;inner_nodes=13747
hot_w0.01,btree,synthetic:lognormal,hotrange,64,1300000,650171,6.29327,3772368,41201720,leaves=147149;inner_nodes=13869
hot_w0.01,btree,synthetic:lognormal,hotrange,65,1320000,660194,6.33705,3799296,41399120,leaves=147854;inner_nodes=13968
hot_w0.01,btree,synthetic:lognormal,hotrange,66,1340000,670148,6.09888,3830032,41594280,leaves=148551;inner_nodes=14081
hot_w0.01,btree,synthetic:lognormal,hotrange,67,1360000,680095,6.41471,3853696,41788600,leaves=149245;inner_nodes=14168
hot_w0.01,btree,synthetic:lognormal,hotrange,68,1380000,690252,6.42175,3878176,41989640,leaves=149963;inner_nodes=14258
hot_w0.01,btree,synthetic:lognormal,hotrange,69,1400000,700325,6.46552,3905104,42218120,leaves=150779;inner_nodes=14357
hot_w0.01,btree,synthetic:lognormal,hotrange,70,1420000,710376,6.45196,3926592,42418880,leaves=151496;inner_nodes=14436
hot_w0.01,btree,synthetic:lognormal,hotrange,71,1440000,720192,6.10012,3947536,42621600,leaves=152220;inner_nodes=14513
hot_w0.01,btree,synthetic:lognormal,hotrange,72,1460000,730211,6.08581,3964944,42822920,leaves=152939;inner_nodes=14577
hot_w0.01,btree,synthetic:lognormal,hotrange,73,1480000,740225,6.37975,3984256,43044120,leaves=153729;inner_nodes=14648
hot_w0.01,btree,synthetic:lognormal,hotrange,74,1500000,750253,6.38459,4000848,43265320,leaves=154519;inner_nodes=14709
hot_w0.01,btree,synthetic:lognormal,hotrange,75,1520000,760254,6.40282,4013088,43494920,leaves=155339;inner_nodes=14754
hot_w0.01,btree,synthetic:lognormal,hotrange,76,1540000,770292,6.42949,4028592,43707160,leaves=156097;inner_nodes=14811
hot_w0.01,btree,synthetic:lognormal,hotrange,77,1560000,780258,6.20307,4043552,43937600,leaves=156920;inner_nodes=14866
hot_w0.01,btree,synthetic:lognormal,hotrange,78,1580000,790106,6.44962,4053344,44152360,leaves=157687;inner_nodes=14902
hot_w0.01,btree,synthetic:lognormal,hotrange,79,1600000,800135,6.45361,4066944,44370200,leaves=158465;inner_nodes=14952
hot_w0.01,btree,synthetic:lognormal,hotrange,80,1620000,810155,6.48508,4080272,44609600,leaves=159320;inner_nodes=15001
hot_w0.01,btree,synthetic:lognormal,hotrange,81,1640000,820094,6.42381,4099856,44822680,leaves=160081;inner_nodes=15073
hot_w0.01,btree,synthetic:lognormal,hotrange,82,1660000,830185,5.53423,4116448,45058440,leaves=160923;inner_nodes=15134
hot_w0.01,btree,synthetic:lognormal,hotrange,83,1680000,840161,5.97989,4137120,45305680,leaves=161806;inner_nodes=15210
hot_w0.01,btree,synthetic:lognormal,hotrange,84,1700000,850199,6.16214,4156432,45545640,leaves=162663;inner_nodes=15281
hot_w0.01,btree,synthetic:lognormal,hotrange,85,1720000,860175,6.28997,4182000,45774400,leaves=163480;inner_nodes=15375
hot_w0.01,btree,synthetic:lognormal,hotrange,86,1740000,870239,6.00443,4206480,46016320,leaves=164344;inner_nodes=15465
hot_w0.01,btree,synthetic:lognormal,hotrange,87,1760000,880093,5.85473,4238848,46263560,leaves=165227;inner_nodes=15584
hot_w0.01,btree,synthetic:lognormal,hotrange,88,1780000,890021,6.24074,4270672,46504920,leaves=166089;inner_nodes=15701
hot_w0.01,btree,synthetic:lognormal,hotrange,89,1800000,899925,6.27049,4294608,46745720,leaves=166949;inner_nodes=15789
hot_w0.01,btree,synthetic:lognormal,hotrange,90,1820000,909916,6.39386,4332144,46980080,leaves=167786;inner_nodes=15927
hot_w0.01,btree,synthetic:lognormal,hotrange,91,1840000,919974,6.2353,4363696,47222560,leaves=168652;inner_nodes=16043
hot_w0.01,btree,synthetic:lognormal,hotrange,92,1860000,929858,5.9543,4396064,47466160,leaves=169522;inner_nodes=16162
hot_w0.01,btree,synthetic:lognormal,hotrange,93,1880000,939840,6.19163,4425984,47700240,leaves=170358;inner_nodes=16272
hot_w0.01,btree,synthetic:lognormal,hotrange,94,1900000,949923,6.31404,4458080,47931800,leaves=171185;inner_nodes=16390
hot_w0.01,btree,synthetic:lognormal,hotrange,95,1920000,960015,6.39736,4489904,48175400,leaves=172055;inner_nodes=16507
hot_w0.01,btree,synthetic:lognormal,hotrange,96,1940000,969935,6.2856,4519008,48408640,leaves=172888;inner_nodes=16614
hot_w0.01,btree,synthetic:lognormal,hotrange,97,1960000,980033,6.01526,4548656,48665680,leaves=173806;inner_nodes=16723
hot_w0.01,btree,synthetic:lognormal,hotrange,98,1980000,990120,5.57038,4571776,48909840,leaves=174678;inner_nodes=16808
hot_w0.01,btree,synthetic:lognormal,hotrange,99,2000000,1000051,5.61607,4591904,49172200,leaves=175615;inner_nodes=16882
hot_w0.001,btree,synthetic:lognormal,hotrange,0,20000,9916,4.41777,2088688,20054720,leaves=71624;inner_nodes=7679
hot_w0.001,btree,synthetic:lognormal,hotrange,1,40000,19989,4.87567,2177088,22249080,leaves=79461;inner_nodes=8004
hot_w0.001,btree,synthetic:lognormal,hotrange,2,60000,30132,5.46585,2186608,24089240,leaves=86033;inner_nodes=8039
hot_w0.001,btree,synthetic:lognormal,hotrange,3,80000,40115,5.6187,2189056,25605440,leaves=91448;inner_nodes=8048
hot_w0.001,btree,synthetic:lognormal,hotrange,4,100000,50021,5.5241,2192048,26890080,leaves=96036;inner_nodes=8059
hot_w0.001,btree,synthetic:lognormal,hotrange,5,120000,59923,6.0957,2198848,27985440,leaves=99948;inner_nodes=8084
hot_w0.001,btree,synthetic:lognormal,hotrange,6,140000,69966,6.26239,2213536,28914480,leaves=103266;inner_nodes=8138
hot_w0.001,btree,synthetic:lognormal,hotrange,7,160000,79865,5.66873,2233664,29698760,leaves=106067;inner_nodes=8212
hot_w0.001,btree,synthetic:lognormal,hotrange,8,180000,89831,5.6694,2258144,30384200,leaves=108515;inner_nodes=8302
hot_w0.001,btree,synthetic:lognormal,hotrange,9,200000,99872,5.65325,2288336,30987320,leaves=110669;inner_nodes=8413
hot_w0.001,btree,synthetic:lognormal,hotrange,10,220000,109944,6.31222,2328864,31533040,leaves=112618;inner_nodes=8562
hot_w0.001,btree,synthetic:lognormal,hotrange,11,240000,119896,6.39497,2365040,31996440,leaves=114273;inner_nodes=8695
hot_w0.001,btree,synthetic:lognormal,hotrange,12,260000,129767,5.86489,2415088,32388720,leaves=115674;inner_nodes=8879
hot_w0.001,btree,synthetic:lognormal,hotrange,13,280000,139757,5.67678,2461056,32744880,leaves=116946;inner_nodes=9048
hot_w0.001,btree,synthetic:lognormal,hotrange,14,300000,149798,5.87709,2513008,33047840,leaves=118028;inner_nodes=9239
hot_w0.001,btree,synthetic:lognormal,hotrange,15,320000,159871,6.17697,2576384,33357520,leaves=119134;inner_nodes=9472
hot_w0.001,btree,synthetic:lognormal,hotrange,16,340000,169932,6.18604,2619088,33613440,leaves=120048;inner_nodes=9629
hot_w0.001,btree,synthetic:lognormal,hotrange,17,360000,179961,6.58653,2666144,33851160,leaves=120897;inner_nodes=9802
hot_w0.001,btree,synthetic:lognormal,hotrange,18,380000,189982,6.38884,2712112,34062000,leaves=121650;inner_nodes=9971
hot_w0.001,btree,synthetic:lognormal,hotrange,19,400000,200016,6.19995,2764336,34263320,leaves=122369;inner_nodes=10163
hot_w0.001,btree,synthetic:lognormal,hotrange,20,420000,209981,6.18214,2805680,34434960,leaves=122982;inner_nodes=10315
hot_w0.001,btree,synthetic:lognormal,hotrange,21,440000,219925,6.31396,2854912,34615560,leaves=123627;inner_nodes=10496
hot_w0.001,btree,synthetic:lognormal,hotrange,22,460000,229755,6.3588,2892176,34772640,leaves=124188;inner_nodes=10633
hot_w0.001,btree,synthetic:lognormal,hotrange,23,480000,239834,6.24691,2922640,34914320,leaves=124694;inner_nodes=10745
hot_w0.001,btree,synthetic:lognormal,hotrange,24,500000,249762,6.14298,2950928,35064120,leaves=125229;inner_nodes=10849
hot_w0.001,btree,synthetic:lognormal,hotrange,25,520000,259660,5.57207,2969424,35194040,leaves=125693;inner_nodes=10917
hot_w0.001,btree,synthetic:lognormal,hotrange,26,540000,269778,6.20981,3000432,35330960,leaves=126182;inner_nodes=11031
hot_w0.001,btree,synthetic:lognormal,hotrange,27,560000,279737,6.35602,3033344,35464800,leaves=126660;inner_nodes=11152
hot_w0.001,btree,synthetic:lognormal,hotrange,28,580000,289783,6.25106,3060816,35590240,leaves=127108;inner_nodes=11253
hot_w0.001,btree,synthetic:lognormal,hotrange,29,600000,299786,6.32711,3084752,35703920,leaves=127514;inner_nodes=11341
hot_w0.001,btree,synthetic:lognormal,hotrange,30,620000,309802,6.38366,3113040,35837480,leaves=127991;inner_nodes=11445
hot_w0.001,btree,synthetic:lognormal,hotrange,31,640000,319745,6.42785,3138608,35967400,leaves=128455;inner_nodes=11539
hot_w0.001,btree,synthetic:lognormal,hotrange,32,660000,329685,6.4965,3158736,36078000,leaves=128850;inner_nodes=11613
hot_w0.001,btree,synthetic:lognormal,hotrange,33,680000,339627,6.5668,3175872,36198960,leaves=129282;inner_nodes=11676
hot_w0.001,btree,synthetic:lognormal,hotrange,34,700000,349674,6.48535,3193552,36327200,leaves=129740;inner_nodes=11741
hot_w0.001,btree,synthetic:lognormal,hotrange,35,720000,359712,6.26207,3214768,36453200,leaves=130190;inner_nodes=11819
hot_w0.001,btree,synthetic:lognormal,hotrange,36,740000,369800,6.42115,3229728,36577240,leaves=130633;inner_nodes=11874
hot_w0.001,btree,synthetic:lognormal,hotrange,37,760000,379849,6.47258,3246864,36705480,leaves=131091;inner_nodes=11937
hot_w0.001,btree,synthetic:lognormal,hotrange,38,780000,389965,6.58653,3262912,36847160,leaves=131597;inner_nodes=11996
hot_w0.001,btree,synthetic:lognormal,hotrange,39,800000,400069,6.39573,3282768,36990240,leaves=132108;inner_nodes=12069
hot_w0.001,btree,synthetic:lognormal,hotrange,40,820000,410103,6.29252,3302624,37122680,leaves=132581;inner_nodes=12142
hot_w0.001,btree,synthetic:lognormal,hotrange,41,840000,420099,6.41497,3320848,37250080,leaves=133036;inner_nodes=12209
hot_w0.001,btree,synthetic:lognormal,hotrange,42,860000,430090,6.42605,3347504,37386440,leaves=133523;inner_nodes=12307
hot_w0.001,btree,synthetic:lognormal,hotrange,43,880000,440118,6.54111,3368448,37537360,leaves=134062;inner_nodes=12384
hot_w0.001,btree,synthetic:lognormal,hotrange,44,900000,450088,6.64958,3384224,37672600,leaves=134545;inner_nodes=12442
hot_w0.001,btree,synthetic:lognormal,hotrange,45,920000,460048,6.42261,3400544,37819600,leaves=135070;inner_nodes=12502
hot_w0.001,btree,synthetic:lognormal,hotrange,46,940000,470136,6.46334,3418496,37979760,leaves=135642;inner_nodes=12568
hot_w0.001,btree,synthetic:lognormal,hotrange,47,960000,480166,6.62901,3433456,38134600,leaves=136195;inner_nodes=12623
hot_w0.001,btree,synthetic:lognormal,hotrange,48,980000,490244,6.61795,3446240,38285800,leaves=136735;inner_nodes=12670
hot_w0.001,btree,synthetic:lognormal,hotrange,49,1000000,500326,6.60366,3462288,38448480,leaves=137316;inner_nodes=12729
hot_w0.001,btree,synthetic:lognormal,hotrange,50,1020000,510386,6.55558,3478336,38613400,leaves=137905;inner_nodes=12788
hot_w0.001,btree,synthetic:lognormal,hotrange,51,1040000,520347,5.97327,3494112,38791480,leaves=138541;inner_nodes=12846
hot_w0.001,btree,synthetic:lognormal,hotrange,52,1060000,530185,6.11769,3513696,38969280,leaves=139176;inner_nodes=12918
hot_w0.001,btree,synthetic:lognormal,hotrange,53,1080000,540082,6.50503,3535456,39135880,leaves=139771;inner_nodes=12998
hot_w0.001,btree,synthetic:lognormal,hotrange,54,1100000,550120,6.53257,3555584,39314240,leaves=140408;inner_nodes=13072
hot_w0.001,btree,synthetic:lognormal,hotrange,55,1120000,560066,6.65401,3573536,39493440,leaves=141048;inner_nodes=13138
hot_w0.001,btree,synthetic:lognormal,hotrange,56,1140000,570108,6.32794,3595024,39682440,leaves=141723;inner_nodes=13217
hot_w0.001,btree,synthetic:lognormal,hotrange,57,1160000,580057,6.21367,3615696,39864160,leaves=142372;inner_nodes=13293
hot_w0.001,btree,synthetic:lognormal,hotrange,58,1180000,590016,6.40239,3637184,40038600,leaves=142995;inner_nodes=13372
hot_w0.001,btree,synthetic:lognormal,hotrange,59,1200000,600007,6.4807,3660576,40219200,leaves=143640;inner_nodes=13458
hot_w0.001,btree,synthetic:lognormal,hotrange,60,1220000,609981,6.467,3686688,40416040,leaves=144343;inner_nodes=13554
hot_w0.001,btree,synthetic:lognormal,hotrange,61,1240000,620052,6.23013,3707360,40614560,leaves=145052;inner_nodes=13630
hot_w0.001,btree,synthetic:lognormal,hotrange,62,1260000,630020,6.3143,3730752,40808040,leaves=145743;inner_nodes=13716
hot_w0.001,btree,synthetic:lognormal,hotrange,63,1280000,640014,6.46473,3751968,41008520,leaves=146459;inner_nodes=13794
hot_w0.001,btree,synthetic:lognormal,hotrange,64,1300000,649979,6.49254,3772640,41203680,leaves=147156;inner_nodes=13870
hot_w0.001,btree,synthetic:lognormal,hotrange,65,1320000,659973,6.49219,3793312,41403040,leaves=147868;inner_nodes=13946
hot_w0.001,btree,synthetic:lognormal,hotrange,66,1340000,670022,6.43535,3811264,41604640,leaves=148588;inner_nodes=14012
hot_w0.001,btree,synthetic:lognormal,hotrange,67,1360000,680021,6.25529,3832208,41797000,leaves=149275;inner_nodes=14089
hot_w0.001,btree,synthetic:lognormal,hotrange,68,1380000,690136,6.35198,3848256,42007840,leaves=150028;inner_nodes=14148
hot_w0.001,btree,synthetic:lognormal,hotrange,69,1400000,700189,6.53773,3868928,42222040,leaves=150793;inner_nodes=14224
hot_w0.001,btree,synthetic:lognormal,hotrange,70,1420000,709998,6.51705,3885520,42435960,leaves=151557;inner_nodes=14285
hot_w0.001,btree,synthetic:lognormal,hotrange,71,1440000,719846,6.52068,3907552,42638400,leaves=152280;inner_nodes=14366
hot_w0.001,btree,synthetic:lognormal,hotrange,72,1460000,729919,6.01127,3930672,42855680,leaves=153056;inner_nodes=14451
hot_w0.001,btree,synthetic:lognormal,hotrange,73,1480000,739857,6.15779,3951616,43069880,leaves=153821;inner_nodes=14528
hot_w0.001,btree,synthetic:lognormal,hotrange,74,1500000,749843,6.0057,3974192,43281000,leaves=154575;inner_nodes=14611
hot_w0.001,btree,synthetic:lognormal,hotrange,75,1520000,759927,6.16024,3997584,43494640,leaves=155338;inner_nodes=14697
hot_w0.001,btree,synthetic:lognormal,hotrange,76,1540000,769896,6.18541,4017712,43706600,leaves=156095;inner_nodes=14771
hot_w0.001,btree,synthetic:lognormal,hotrange,77,1560000,779859,5.61338,4037840,43913520,leaves=156834;inner_nodes=14845
hot_w0.001,btree,synthetic:lognormal,hotrange,78,1580000,789875,5.88387,4056880,44143120,leaves=157654;inner_nodes=14915
hot_w0.001,btree,synthetic:lognormal,hotrange,79,1600000,799905,6.03288,4080272,44357600,leaves=158420;inner_nodes=15001
hot_w0.001,btree,synthetic:lognormal,hotrange,80,1620000,809878,6.22722,4103664,44585240,leaves=159233;inner_nodes=15087
hot_w0.001,btree,synthetic:lognormal,hotrange,81,1640000,819924,6.28174,4130864,44819880,leaves=160071;inner_nodes=15187
hot_w0.001,btree,synthetic:lognormal,hotrange,82,1660000,829939,6.12206,4158608,45047240,leaves=160883;inner_nodes=15289
hot_w0.001,btree,synthetic:lognormal,hotrange,83,1680000,839924,5.50478,4182816,45277960,leaves=161707;inner_nodes=15378
hot_w0.001,btree,synthetic:lognormal,hotrange,84,1700000,850019,6.05877,4211376,45538640,leaves=162638;inner_nodes=15483
hot_w0.001,btree,synthetic:lognormal,hotrange,85,1720000,860052,6.22657,4235312,45770480,leaves=163466;inner_nodes=15571
hot_w0.001,btree,synthetic:lognormal,hotrange,86,1740000,870035,6.17896,4258704,46001200,leaves=164290;inner_nodes=15657
hot_w0.001,btree,synthetic:lognormal,hotrange,87,1760000,879907,6.08165,4288080,46242840,leaves=165153;inner_nodes=15765
hot_w0.001,btree,synthetic:lognormal,hotrange,88,1780000,889893,6.00849,4310112,46479440,leaves=165998;inner_nodes=15846
hot_w0.001,btree,synthetic:lognormal,hotrange,89,1800000,900009,6.33471,4335952,46730600,leaves=166895;inner_nodes=15941
hot_w0.001,btree,synthetic:lognormal,hotrange,90,1820000,909930,6.3806,4355808,46966640,leaves=167738;inner_nodes=16014
hot_w0.001,btree,synthetic:lognormal,hotrange,91,1840000,920019,6.30203,4377024,47209680,leaves=168606;inner_nodes=16092
hot_w0.001,btree,synthetic:lognormal,hotrange,92,1860000,930115,6.32836,4395792,47450760,leaves=169467;inner_nodes=16161
hot_w0.001,btree,synthetic:lognormal,hotrange,93,1880000,940119,6.25472,4419728,47696040,leaves=170343;inner_nodes=16249
hot_w0.001,btree,synthetic:lognormal,hotrange,94,1900000,950063,6.12331,4441216,47926760,leaves=171167;inner_nodes=16328
hot_w0.001,btree,synthetic:lognormal,hotrange,95,1920000,960113,6.20083,4463248,48160000,leaves=172000;inner_nodes=16409
hot_w0.001,btree,synthetic:lognormal,hotrange,96,1940000,970124,6.28774,4483376,48399120,leaves=172854;inner_nodes=16483
hot_w0.001,btree,synthetic:lognormal,hotrange,97,1960000,980169,6.39199,4502144,48644680,leaves=173731;inner_nodes=16552
hot_w0.001,btree,synthetic:lognormal,hotrange,98,1980000,990196,6.27894,4519280,48896400,leaves=174630;inner_nodes=16615
hot_w0.001,btree,synthetic:lognormal,hotrange,99,2000000,1000206,6.13403,4541584,49148960,leaves=175532;inner_nodes=16697
drift_r0,btree,synthetic:lognormal,drift,0,20000,9964,8.07632,1125264,17970680,leaves=64181;inner_nodes=4137
drift_r0,btree,synthetic:lognormal,drift,1,40000,19988,8.80702,1148112,18265800,leaves=65235;inner_nodes=4221
drift_r0,btree,synthetic:lognormal,drift,2,60000,29972,9.06002,1173680,18494840,leaves=66053;inner_nodes=4315
drift_r0,btree,synthetic:lognormal,drift,3,80000,39829,9.21854,1192176,18734800,leaves=66910;inner_nodes=4383
drift_r0,btree,synthetic:lognormal,drift,4,100000,49846,8.99483,1213392,19026840,leaves=67953;inner_nodes=4461
drift_r0,btree,synthetic:lognormal,drift,5,120000,59755,9.00073,1238416,19271840,leaves=68828;inner_nodes=4553
drift_r0,btree,synthetic:lognormal,drift,6,140000,69833,8.24119,1268608,19511520,leaves=69684;inner_nodes=4664
drift_r0,btree,synthetic:lognormal,drift,7,160000,79915,8.22115,1292272,19748680,leaves=70531;inner_nodes=4751
drift_r0,btree,synthetic:lognormal,drift,8,180000,89842,8.71491,1313760,20004320,leaves=71444;inner_nodes=4830
drift_r0,btree,synthetic:lognormal,drift,9,200000,99794,8.78381,1327088,20261360,leaves=72362;inner_nodes=4879
drift_r0,btree,synthetic:lognormal,drift,10,220000,109885,8.77193,1343952,20524280,leaves=73301;inner_nodes=4941
drift_r0,btree,synthetic:lognormal,drift,11,240000,119866,8.79475,1364896,20775440,leaves=74198;inner_nodes=5018
drift_r0,btree,synthetic:lognormal,drift,12,260000,129952,8.61806,1389376,21030520,leaves=75109;inner_nodes=5108
drift_r0,btree,synthetic:lognormal,drift,13,280000,139914,8.7403,1419840,21262640,leaves=75938;inner_nodes=5220
drift_r0,btree,synthetic:lognormal,drift,14,300000,150045,8.69707,1449488,21513800,leaves=76835;inner_nodes=5329
drift_r0,btree,synthetic:lognormal,drift,15,320000,160002,8.20948,1475328,21774760,leaves=77767;inner_nodes=5424
drift_r0,btree,synthetic:lognormal,drift,16,340000,169800,8.39807,1498176,22016960,leaves=78632;inner_nodes=5508
drift_r0,btree,synthetic:lognormal,drift,17,360000,179763,8.58446,1514768,22256080,leaves=79486;inner_nodes=5569
drift_r0,btree,synthetic:lognormal,drift,18,380000,189828,8.52273,1534080,22504720,leaves=80374;inner_nodes=5640
drift_r0,btree,synthetic:lognormal,drift,19,400000,199688,8.54655,1552304,22745520,leaves=81234;inner_nodes=5707
drift_r0,btree,synthetic:lognormal,drift,20,420000,209682,8.40793,1567536,22994160,leaves=82122;inner_nodes=5763
drift_r0,btree,synthetic:lognormal,drift,21,440000,219615,8.39528,1583040,23254840,leaves=83053;inner_nodes=5820
drift_r0,btree,synthetic:lognormal,drift,22,460000,229501,7.97064,1606160,23511040,leaves=83968;inner_nodes=5905
drift_r0,btree,synthetic:lognormal,drift,23,480000,239455,8.10701,1626288,23763880,leaves=84871;inner_nodes=5979
drift_r0,btree,synthetic:lognormal,drift,24,500000,249494,8.16493,1648592,24031560,leaves=85827;inner_nodes=6061
drift_r0,btree,synthetic:lognormal,drift,25,520000,259418,8.1659,1670080,24269560,leaves=86677;inner_nodes=6140
drift_r0,btree,synthetic:lognormal,drift,26,540000,269419,8.07591,1697280,24506440,leaves=87523;inner_nodes=6240
drift_r0,btree,synthetic:lognormal,drift,27,560000,279386,8.27486,1722304,24757040,leaves=88418;inner_nodes=6332
drift_r0,btree,synthetic:lognormal,drift,28,580000,289408,7.92838,1745696,24990280,leaves=89251;inner_nodes=6418
drift_r0,btree,synthetic:lognormal,drift,29,600000,299517,7.91192,1773984,25247880,leaves=90171;inner_nodes=6522
drift_r0,btree,synthetic:lognormal,drift,30,620000,309456,7.92969,1798192,25500160,leaves=91072;inner_nodes=6611
drift_r0,btree,synthetic:lognormal,drift,31,640000,319500,7.87363,1822128,25747400,leaves=91955;inner_nodes=6699
drift_r0,btree,synthetic:lognormal,drift,32,660000,329525,8.02514,1845520,26004160,leaves=92872;inner_nodes=6785
drift_r0,btree,synthetic:lognormal,drift,33,680000,339552,7.95928,1868640,26235720,leaves=93699;inner_nodes=6870
drift_r0,btree,synthetic:lognormal,drift,34,700000,349542,7.93231,1892576,26480440,leaves=94573;inner_nodes=6958
drift_r0,btree,synthetic:lognormal,drift,35,720000,359625,7.71481,1913520,26730200,leaves=95465;inner_nodes=7035
drift_r0,btree,synthetic:lognormal,drift,36,740000,369648,7.70837,1936368,26972960,leaves=96332;inner_nodes=7119
drift_r0,btree,synthetic:lognormal,drift,37,760000,379680,7.74781,1954864,27217960,leaves=97207;inner_nodes=7187
drift_r0,btree,synthetic:lognormal,drift,38,780000,389626,7.59301,1974992,27455960,leaves=98057;inner_nodes=7261
drift_r0,btree,synthetic:lognormal,drift,39,800000,399658,7.61868,1993760,27704040,leaves=98943;inner_nodes=7330
drift_r0,btree,synthetic:lognormal,drift,40,820000,409575,7.17146,2012256,27950440,leaves=99823;inner_nodes=7398
drift_r0,btree,synthetic:lognormal,drift,41,840000,419633,7.12716,2034832,28213080,leaves=100761;inner_nodes=7481
drift_r0,btree,synthetic:lognormal,drift,42,860000,429696,7.30071,2051968,28458640,leaves=101638;inner_nodes=7544
drift_r0,btree,synthetic:lognormal,drift,43,880000,439642,7.46234,2066928,28711480,leaves=102541;inner_nodes=7599
drift_r0,btree,synthetic:lognormal,drift,44,900000,449634,7.59085,2088144,28973280,leaves=103476;inner_nodes=7677
drift_r0,btree,synthetic:lognormal,drift,45,920000,459661,7.42586,2105824,29206520,leaves=104309;inner_nodes=7742
drift_r0,btree,synthetic:lognormal,drift,46,940000,469634,7.57636,2122688,29454320,leaves=105194;inner_nodes=7804
drift_r0,btree,synthetic:lognormal,drift,47,960000,479551,7.40935,2144992,29709400,leaves=106105;inner_nodes=7886
drift_r0,btree,synthetic:lognormal,drift,48,980000,489515,7.09629,2159136,29942360,leaves=106937;inner_nodes=7938
drift_r0,btree,synthetic:lognormal,drift,49,1000000,499551,7.41611,2176000,30202200,leaves=107865;inner_nodes=8000
drift_r0,btree,synthetic:lognormal,drift,50,1020000,509579,7.3046,2196944,30449720,leaves=108749;inner_nodes=8077
drift_r0,btree,synthetic:lognormal,drift,51,1040000,519489,7.35091,2217072,30696120,leaves=109629;inner_nodes=8151
drift_r0,btree,synthetic:lognormal,drift,52,1060000,529487,6.97685,2242096,30951200,leaves=110540;inner_nodes=8243
drift_r0,btree,synthetic:lognormal,drift,53,1080000,539556,6.3002,2270928,31203760,leaves=111442;inner_nodes=8349
drift_r0,btree,synthetic:lognormal,drift,54,1100000,549578,6.53773,2297584,31452960,leaves=112332;inner_nodes=8447
drift_r0,btree,synthetic:lognormal,drift,55,1120000,559529,6.98741,2323152,31703840,leaves=113228;inner_nodes=8541
drift_r0,btree,synthetic:lognormal,drift,56,1140000,569596,7.12008,2345456,31956960,leaves=114132;inner_nodes=8623
drift_r0,btree,synthetic:lognormal,drift,57,1160000,579710,7.07558,2367216,32223800,leaves=115085;inner_nodes=8703
drift_r0,btree,synthetic:lognormal,drift,58,1180000,589636,6.79954,2391696,32463200,leaves=115940;inner_nodes=8793
drift_r0,btree,synthetic:lognormal,drift,59,1200000,599532,6.52139,2417536,32719400,leaves=116855;inner_nodes=8888
drift_r0,btree,synthetic:lognormal,drift,60,1220000,609611,6.85852,2448272,32970280,leaves=117751;inner_nodes=9001
drift_r0,btree,synthetic:lognormal,drift,61,1240000,619532,6.87709,2474384,33225640,leaves=118663;inner_nodes=9097
drift_r0,btree,synthetic:lognormal,drift,62,1260000,629441,6.80089,2496688,33477360,leaves=119562;inner_nodes=9179
drift_r0,btree,synthetic:lognormal,drift,63,1280000,639452,6.1237,2521984,33727120,leaves=120454;inner_nodes=9272
drift_r0,btree,synthetic:lognormal,drift,64,1300000,649345,5.69064,2547280,33984160,leaves=121372;inner_nodes=9365
drift_r0,btree,synthetic:lognormal,drift,65,1320000,659296,5.46971,2572576,34224680,leaves=122231;inner_nodes=9458
drift_r0,btree,synthetic:lognormal,drift,66,1340000,669284,5.61903,2594336,34461560,leaves=123077;inner_nodes=9538
drift_r0,btree,synthetic:lognormal,drift,67,1360000,679216,5.41235,2616368,34706000,leaves=123950;inner_nodes=9619
drift_r0,btree,synthetic:lognormal,drift,68,1380000,689183,5.44891,2643024,34964440,leaves=124873;inner_nodes=9717
drift_r0,btree,synthetic:lognormal,drift,69,1400000,699198,6.19083,2665056,35197400,leaves=125705;inner_nodes=9798
drift_r0,btree,synthetic:lognormal,drift,70,1420000,709216,6.50724,2684368,35435960,leaves=126557;inner_nodes=9869
drift_r0,btree,synthetic:lognormal,drift,71,1440000,719227,6.60647,2706944,35690760,leaves=127467;inner_nodes=9952
drift_r0,btree,synthetic:lognormal,drift,72,1460000,729172,6.7116,2731968,35943320,leaves=128369;inner_nodes=10044
drift_r0,btree,synthetic:lognormal,drift,73,1480000,739143,6.68775,2752096,36195320,leaves=129269;inner_nodes=10118
drift_r0,btree,synthetic:lognormal,drift,74,1500000,749182,6.31438,2772496,36440880,leaves=130146;inner_nodes=10193
drift_r0,btree,synthetic:lognormal,drift,75,1520000,759080,6.59603,2795888,36684200,leaves=131015;inner_nodes=10279
drift_r0,btree,synthetic:lognormal,drift,76,1540000,769083,6.61458,2819824,36924160,leaves=131872;inner_nodes=10367
drift_r0,btree,synthetic:lognormal,drift,77,1560000,779071,6.59295,2839136,37168880,leaves=132746;inner_nodes=10438
drift_r0,btree,synthetic:lognormal,drift,78,1580000,789091,6.61202,2857088,37410520,leaves=133609;inner_nodes=10504
drift_r0,btree,synthetic:lognormal,drift,79,1600000,799085,6.48631,2880208,37655240,leaves=134483;inner_nodes=10589
drift_r0,btree,synthetic:lognormal,drift,80,1620000,809034,6.3647,2904688,37907240,leaves=135383;inner_nodes=10679
drift_r0,btree,synthetic:lognormal,drift,81,1640000,819092,5.9481,2924544,38167920,leaves=136314;inner_nodes=10752
drift_r0,btree,synthetic:lognormal,drift,82,1660000,829154,2.88139,2946848,38435600,leaves=137270;inner_nodes=10834
drift_r0,btree,synthetic:lognormal,drift,83,1680000,839131,5.07308,2965888,38682560,leaves=138152;inner_nodes=10904
drift_r0,btree,synthetic:lognormal,drift,84,1700000,849099,5.56019,2979760,38932040,leaves=139043;inner_nodes=10955
drift_r0,btree,synthetic:lognormal,drift,85,1720000,859159,6.20925,2999072,39188800,leaves=139960;inner_nodes=11026
drift_r0,btree,synthetic:lognormal,drift,86,1740000,869236,6.3971,3023008,39436600,leaves=140845;inner_nodes=11114
drift_r0,btree,synthetic:lognormal,drift,87,1760000,879285,6.27123,3043952,39689160,leaves=141747;inner_nodes=11191
drift_r0,btree,synthetic:lognormal,drift,88,1780000,889364,6.46247,3061904,39937520,leaves=142634;inner_nodes=11257
drift_r0,btree,synthetic:lognormal,drift,89,1800000,899408,6.29285,3079040,40167400,leaves=143455;inner_nodes=11320
drift_r0,btree,synthetic:lognormal,drift,90,1820000,909362,6.42691,3098896,40421920,leaves=144364;inner_nodes=11393
drift_r0,btree,synthetic:lognormal,drift,91,1840000,919233,6.49403,3119024,40666080,leaves=145236;inner_nodes=11467
drift_r0,btree,synthetic:lognormal,drift,92,1860000,929238,6.58716,3139424,40916120,leaves=146129;inner_nodes=11542
drift_r0,btree,synthetic:lognormal,drift,93,1880000,939173,6.59649,3157104,41162800,leaves=147010;inner_nodes=11607
drift_r0,btree,synthetic:lognormal,drift,94,1900000,949139,6.46656,3179136,41408080,leaves=147886;inner_nodes=11688
drift_r0,btree,synthetic:lognormal,drift,95,1920000,959208,6.16008,3200624,41671280,leaves=148826;inner_nodes=11767
drift_r0,btree,synthetic:lognormal,drift,96,1940000,969258,6.4543,3216128,41908440,leaves=149673;inner_nodes=11824
drift_r0,btree,synthetic:lognormal,drift,97,1960000,979258,6.44641,3237888,42166320,leaves=150594;inner_nodes=11904
drift_r0,btree,synthetic:lognormal,drift,98,1980000,989345,5.74726,3260192,42415240,leaves=151483;inner_nodes=11986
drift_r0,btree,synthetic:lognormal,drift,99,2000000,999268,5.16257,3283040,42670600,leaves=152395;inner_nodes=12070
drift_r0.01,btree,synthetic:lognormal,drift,0,20000,10043,8.06303,1127168,17972080,leaves=64186;inner_nodes=4144
drift_r0.01,btree,synthetic:lognormal,drift,1,40000,20055,8.88494,1147296,18267480,leaves=65241;inner_nodes=4218
drift_r0.01,btree,synthetic:lognormal,drift,2,60000,30086,8.87804,1174496,18505200,leaves=66090;inner_nodes=4318
drift_r0.01,btree,synthetic:lognormal,drift,3,80000,39926,8.59337,1197888,18752440,leaves=66973;inner_nodes=4404
drift_r0.01,btree,synthetic:lognormal,drift,4,100000,49872,7.99654,1215568,19028520,leaves=67959;inner_nodes=4469
drift_r0.01,btree,synthetic:lognormal,drift,5,120000,59754,8.86099,1238144,19264840,leaves=68803;inner_nodes=4552
drift_r0.01,btree,synthetic:lognormal,drift,6,140000,69867,8.96091,1268880,19508440,leaves=69673;inner_nodes=4665
drift_r0.01,btree,synthetic:lognormal,drift,7,160000,79965,8.98103,1292544,19760720,leaves=70574;inner_nodes=4752
drift_r0.01,btree,synthetic:lognormal,drift,8,180000,89979,8.90637,1311584,20011040,leaves=71468;inner_nodes=4822
drift_r0.01,btree,synthetic:lognormal,drift,9,200000,99954,8.76697,1326544,20267800,leaves=72385;inner_nodes=4877
drift_r0.01,btree,synthetic:lognormal,drift,10,220000,110077,8.41928,1342864,20527640,leaves=73313;inner_nodes=4937
drift_r0.01,btree,synthetic:lognormal,drift,11,240000,120092,8.72521,1363536,20778520,leaves=74209;inner_nodes=5013
drift_r0.01,btree,synthetic:lognormal,drift,12,260000,130062,8.43926,1390464,21037240,leaves=75133;inner_nodes=5112
drift_r0.01,btree,synthetic:lognormal,drift,13,280000,140058,8.52227,1419024,21287560,leaves=76027;inner_nodes=5217
drift_r0.01,btree,synthetic:lognormal,drift,14,300000,150096,8.49527,1447584,21515760,leaves=76842;inner_nodes=5322
drift_r0.01,btree,synthetic:lognormal,drift,15,320000,159981,8.49557,1470432,21761880,leaves=77721;inner_nodes=5406
drift_r0.01,btree,synthetic:lognormal,drift,16,340000,169903,8.55508,1491920,22002680,leaves=78581;inner_nodes=5485
drift_r0.01,btree,synthetic:lognormal,drift,17,360000,179941,8.38677,1517488,22260000,leaves=79500;inner_nodes=5579
drift_r0.01,btree,synthetic:lognormal,drift,18,380000,189868,8.4403,1532992,22493800,leaves=80335;inner_nodes=5636
drift_r0.01,btree,synthetic:lognormal,drift,19,400000,199934,8.35771,1547136,22744120,leaves=81229;inner_nodes=5688
drift_r0.01,btree,synthetic:lognormal,drift,20,420000,209818,8.2158,1565904,23002560,leaves=82152;inner_nodes=5757
drift_r0.01,btree,synthetic:lognormal,drift,21,440000,219858,8.26859,1578960,23256240,leaves=83058;inner_nodes=5805
drift_r0.01,btree,synthetic:lognormal,drift,22,460000,229720,8.16216,1602624,23506560,leaves=83952;inner_nodes=5892
drift_r0.01,btree,synthetic:lognormal,drift,23,480000,239668,7.88501,1624656,23762480,leaves=84866;inner_nodes=5973
drift_r0.01,btree,synthetic:lognormal,drift,24,500000,249683,7.89279,1644784,24025400,leaves=85805;inner_nodes=6047
drift_r0.01,btree,synthetic:lognormal,drift,25,520000,259547,7.86937,1666000,24267040,leaves=86668;inner_nodes=6125
drift_r0.01,btree,synthetic:lognormal,drift,26,540000,269601,7.98257,1690208,24520720,leaves=87574;inner_nodes=6214
drift_r0.01,btree,synthetic:lognormal,drift,27,560000,279667,7.65282,1713600,24750040,leaves=88393;inner_nodes=6300
drift_r0.01,btree,synthetic:lognormal,drift,28,580000,289714,7.94347,1736992,24991400,leaves=89255;inner_nodes=6386
drift_r0.01,btree,synthetic:lognormal,drift,29,600000,299796,8.00534,1769360,25254040,leaves=90193;inner_nodes=6505
drift_r0.01,btree,synthetic:lognormal,drift,30,620000,309830,7.75996,1793024,25495400,leaves=91055;inner_nodes=6592
drift_r0.01,btree,synthetic:lognormal,drift,31,640000,319695,7.62038,1822672,25743200,leaves=91940;inner_nodes=6701
drift_r0.01,btree,synthetic:lognormal,drift,32,660000,329693,7.56322,1853408,25996600,leaves=92845;inner_nodes=6814
drift_r0.01,btree,synthetic:lognormal,drift,33,680000,339652,7.46814,1880608,26256440,leaves=93773;inner_nodes=6914
drift_r0.01,btree,synthetic:lognormal,drift,34,700000,349618,7.56382,1905632,26513480,leaves=94691;inner_nodes=7006
drift_r0.01,btree,synthetic:lognormal,drift,35,720000,359666,7.68849,1927120,26766600,leaves=95595;inner_nodes=7085
drift_r0.01,btree,synthetic:lognormal,drift,36,740000,369654,7.45481,1947520,26999840,leaves=96428;inner_nodes=7160
drift_r0.01,btree,synthetic:lognormal,drift,37,760000,379779,7.24004,1970640,27250720,leaves=97324;inner_nodes=7245
drift_r0.01,btree,synthetic:lognormal,drift,38,780000,389805,7.30227,1990496,27490120,leaves=98179;inner_nodes=7318
drift_r0.01,btree,synthetic:lognormal,drift,39,800000,399970,7.16397,2008176,27748000,leaves=99100;inner_nodes=7383
drift_r0.01,btree,synthetic:lognormal,drift,40,820000,409982,7.5095,2024768,27990480,leaves=99966;inner_nodes=7444
drift_r0.01,btree,synthetic:lognormal,drift,41,840000,420034,7.57875,2039184,28246400,leaves=100880;inner_nodes=7497
drift_r0.01,btree,synthetic:lognormal,drift,42,860000,429936,7.62898,2057136,28500920,leaves=101789;inner_nodes=7563
drift_r0.01,btree,synthetic:lognormal,drift,43,880000,439997,7.49169,2076992,28753480,leaves=102691;inner_nodes=7636
drift_r0.01,btree,synthetic:lognormal,drift,44,900000,450023,7.3588,2094128,29008840,leaves=103603;inner_nodes=7699
drift_r0.01,btree,synthetic:lognormal,drift,45,920000,460160,7.29627,2113440,29261400,leaves=104505;inner_nodes=7770
drift_r0.01,btree,synthetic:lognormal,drift,46,940000,470124,7.41828,2131664,29509480,leaves=105391;inner_nodes=7837
drift_r0.01,btree,synthetic:lognormal,drift,47,960000,480162,7.45851,2147168,29757840,leaves=106278;inner_nodes=7894
drift_r0.01,btree,synthetic:lognormal,drift,48,980000,490073,7.40592,2161584,29999480,leaves=107141;inner_nodes=7947
drift_r0.01,btree,synthetic:lognormal,drift,49,1000000,500206,7.04629,2182800,30254280,leaves=108051;inner_nodes=8025
drift_r0.01,btree,synthetic:lognormal,drift,50,1020000,510341,6.67548,2203200,30507960,leaves=108957;inner_nodes=8100
drift_r0.01,btree,synthetic:lognormal,drift,51,1040000,520293,6.4921,2220064,30770600,leaves=109895;inner_nodes=8162
drift_r0.01,btree,synthetic:lognormal,drift,52,1060000,530240,6.98222,2246176,31023720,leaves=110799;inner_nodes=8258
drift_r0.01,btree,synthetic:lognormal,drift,53,1080000,540277,7.03916,2265760,31278800,leaves=111710;inner_nodes=8330
drift_r0.01,btree,synthetic:lognormal,drift,54,1100000,550299,7.17639,2288880,31527720,leaves=112599;inner_nodes=8415
drift_r0.01,btree,synthetic:lognormal,drift,55,1120000,560193,7.18595,2310640,31773280,leaves=113476;inner_nodes=8495
drift_r0.01,btree,synthetic:lognormal,drift,56,1140000,570256,7.20104,2338112,32016040,leaves=114343;inner_nodes=8596
drift_r0.01,btree,synthetic:lognormal,drift,57,1160000,580224,6.47485,2358512,32264120,leaves=115229;inner_nodes=8671
drift_r0.01,btree,synthetic:lognormal,drift,58,1180000,590192,6.91075,2381632,32515840,leaves=116128;inner_nodes=8756
drift_r0.01,btree,synthetic:lognormal,drift,59,1200000,600065,6.95824,2408016,32772600,leaves=117045;inner_nodes=8853
drift_r0.01,btree,synthetic:lognormal,drift,60,1220000,610207,6.94384,2431408,33015360,leaves=117912;inner_nodes=8939
drift_r0.01,btree,synthetic:lognormal,drift,61,1240000,620162,5.20726,2463232,33257000,leaves=118775;inner_nodes=9056
drift_r0.01,btree,synthetic:lognormal,drift,62,1260000,630221,5.72001,2494784,33530000,leaves=119750;inner_nodes=9172
drift_r0.01,btree,synthetic:lognormal,drift,63,1280000,640197,6.66593,2517360,33767160,leaves=120597;inner_nodes=9255
drift_r0.01,btree,synthetic:lognormal,drift,64,1300000,650287,6.7904,2542656,34012440,leaves=121473;inner_nodes=9348
drift_r0.01,btree,synthetic:lognormal,drift,65,1320000,660259,6.75866,2568224,34265000,leaves=122375;inner_nodes=9442
drift_r0.01,btree,synthetic:lognormal,drift,66,1340000,670385,6.8546,2595424,34509720,leaves=123249;inner_nodes=9542
drift_r0.01,btree,synthetic:lognormal,drift,67,1360000,680458,6.57859,2619632,34768440,leaves=124173;inner_nodes=9631
drift_r0.01,btree,synthetic:lognormal,drift,68,1380000,690336,5.58036,2643296,35014280,leaves=125051;inner_nodes=9718
drift_r0.01,btree,synthetic:lognormal,drift,69,1400000,700268,5.78042,2670224,35271880,leaves=125971;inner_nodes=9817
drift_r0.01,btree,synthetic:lognormal,drift,70,1420000,710330,6.49632,2693616,35517720,leaves=126849;inner_nodes=9903
drift_r0.01,btree,synthetic:lognormal,drift,71,1440000,720377,6.46926,2715920,35765520,leaves=127734;inner_nodes=9985
drift_r0.01,btree,synthetic:lognormal,drift,72,1460000,730275,6.62791,2737136,36005760,leaves=128592;inner_nodes=10063
drift_r0.01,btree,synthetic:lognormal,drift,73,1480000,740271,6.32987,2757264,36245440,leaves=129448;inner_nodes=10137
drift_r0.01,btree,synthetic:lognormal,drift,74,1500000,750252,6.25766,2779568,36491560,leaves=130327;inner_nodes=10219
drift_r0.01,btree,synthetic:lognormal,drift,75,1520000,760205,6.76991,2802960,36737400,leaves=131205;inner_nodes=10305
drift_r0.01,btree,synthetic:lognormal,drift,76,1540000,770173,6.70457,2830432,36987160,leaves=132097;inner_nodes=10406
drift_r0.01,btree,synthetic:lognormal,drift,77,1560000,780153,6.41214,2849200,37223200,leaves=132940;inner_nodes=10475
drift_r0.01,btree,synthetic:lognormal,drift,78,1580000,790145,6.31596,2872864,37469320,leaves=133819;inner_nodes=10562
drift_r0.01,btree,synthetic:lognormal,drift,79,1600000,800349,6.69297,2897344,37716840,leaves=134703;inner_nodes=10652
drift_r0.01,btree,synthetic:lognormal,drift,80,1620000,810283,6.74413,2918016,37966040,leaves=135593;inner_nodes=10728
drift_r0.01,btree,synthetic:lognormal,drift,81,1640000,820393,6.82943,2935424,38191160,leaves=136397;inner_nodes=10792
drift_r0.01,btree,synthetic:lognormal,drift,82,1660000,830451,6.66047,2958272,38449880,leaves=137321;inner_nodes=10876
drift_r0.01,btree,synthetic:lognormal,drift,83,1680000,840546,6.35383,2985472,38714200,leaves=138265;inner_nodes=10976
drift_r0.01,btree,synthetic:lognormal,drift,84,1700000,850485,6.3466,3003696,38965640,leaves=139163;inner_nodes=11043
drift_r0.01,btree,synthetic:lognormal,drift,85,1720000,860587,5.72307,3026816,39216520,leaves=140059;inner_nodes=11128
drift_r0.01,btree,synthetic:lognormal,drift,86,1740000,870523,5.8717,3049120,39471320,leaves=140969;inner_nodes=11210
drift_r0.01,btree,synthetic:lognormal,drift,87,1760000,880538,6.15227,3067616,39721920,leaves=141864;inner_nodes=11278
drift_r0.01,btree,synthetic:lognormal,drift,88,1780000,890579,5.65078,3089104,39973080,leaves=142761;inner_nodes=11357
drift_r0.01,btree,synthetic:lognormal,drift,89,1800000,900650,5.83594,3104336,40225920,leaves=143664;inner_nodes=11413
drift_r0.01,btree,synthetic:lognormal,drift,90,1820000,910676,6.50777,3123920,40471760,leaves=144542;inner_nodes=11485
drift_r0.01,btree,synthetic:lognormal,drift,91,1840000,920646,6.6346,3145408,40712560,leaves=145402;inner_nodes=11564
drift_r0.01,btree,synthetic:lognormal,drift,92,1860000,930537,6.25228,3165264,40951400,leaves=146255;inner_nodes=11637
drift_r0.01,btree,synthetic:lognormal,drift,93,1880000,940566,5.73648,3185664,41195280,leaves=147126;inner_nodes=11712
drift_r0.01,btree,synthetic:lognormal,drift,94,1900000,950537,6.32578,3204432,41446440,leaves=148023;inner_nodes=11781
drift_r0.01,btree,synthetic:lognormal,drift,95,1920000,960407,6.40837,3226464,41697600,leaves=148920;inner_nodes=11862
drift_r0.01,btree,synthetic:lognormal,drift,96,1940000,970291,5.87976,3247680,41943160,leaves=149797;inner_nodes=11940
drift_r0.01,btree,synthetic:lognormal,drift,97,1960000,980309,6.14841,3272160,42189840,leaves=150678;inner_nodes=12030
drift_r0.01,btree,synthetic:lognormal,drift,98,1980000,990328,5.93193,3288752,42444360,leaves=151587;inner_nodes=12091
drift_r0.01,btree,synthetic:lognormal,drift,99,2000000,1000315,5.57097,3311872,42704200,leaves=152515;inner_nodes=12176
drift_r0.1,btree,synthetic:lognormal,drift,0,20000,9968,7.86511,1123360,17957800,leaves=64135;inner_nodes=4130
drift_r0.1,btree,synthetic:lognormal,drift,1,40000,20088,8.7411,1145120,18262720,leaves=65224;inner_nodes=4210
drift_r0.1,btree,synthetic:lognormal,drift,2,60000,30180,9.10695,1172592,18499040,leaves=66068;inner_nodes=4311
drift_r0.1,btree,synthetic:lognormal,drift,3,80000,40020,9.05216,1197344,18757760,leaves=66992;inner_nodes=4402
drift_r0.1,btree,synthetic:lognormal,drift,4,100000,50012,8.92177,1212576,19032440,leaves=67973;inner_nodes=4458
drift_r0.1,btree,synthetic:lognormal,drift,5,120000,59864,8.74444,1235696,19278560,leaves=68852;inner_nodes=4543
drift_r0.1,btree,synthetic:lognormal,drift,6,140000,69977,8.81575,1264528,19542040,leaves=69793;inner_nodes=4649
drift_r0.1,btree,synthetic:lognormal,drift,7,160000,80045,8.66896,1292000,19779760,leaves=70642;inner_nodes=4750
drift_r0.1,btree,synthetic:lognormal,drift,8,180000,89952,8.78172,1316752,20017480,leaves=71491;inner_nodes=4841
drift_r0.1,btree,synthetic:lognormal,drift,9,200000,99973,8.80249,1339056,20285160,leaves=72447;inner_nodes=4923
drift_r0.1,btree,synthetic:lognormal,drift,10,220000,109985,8.87508,1361360,20539400,leaves=73355;inner_nodes=5005
drift_r0.1,btree,synthetic:lognormal,drift,11,240000,119910,8.77225,1377408,20785240,leaves=74233;inner_nodes=5064
drift_r0.1,btree,synthetic:lognormal,drift,12,260000,129983,8.71776,1401072,21047040,leaves=75168;inner_nodes=5151
drift_r0.1,btree,synthetic:lognormal,drift,13,280000,139855,8.79056,1419568,21302400,leaves=76080;inner_nodes=5219
drift_r0.1,btree,synthetic:lognormal,drift,14,300000,149982,8.54169,1436976,21569520,leaves=77034;inner_nodes=5283
drift_r0.1,btree,synthetic:lognormal,drift,15,320000,159871,8.5464,1457376,21831600,leaves=77970;inner_nodes=5358
drift_r0.1,btree,synthetic:lognormal,drift,16,340000,169730,8.75928,1475872,22078560,leaves=78852;inner_nodes=5426
drift_r0.1,btree,synthetic:lognormal,drift,17,360000,179754,7.56358,1501168,22339520,leaves=79784;inner_nodes=5519
drift_r0.1,btree,synthetic:lognormal,drift,18,380000,189734,7.77467,1522928,22600480,leaves=80716;inner_nodes=5599
drift_r0.1,btree,synthetic:lognormal,drift,19,400000,199752,7.8902,1542512,22841280,leaves=81576;inner_nodes=5671
drift_r0.1,btree,synthetic:lognormal,drift,20,420000,209726,7.46118,1561824,23086560,leaves=82452;inner_nodes=5742
drift_r0.1,btree,synthetic:lognormal,drift,21,440000,219712,7.79246,1585760,23332680,leaves=83331;inner_nodes=5830
drift_r0.1,btree,synthetic:lognormal,drift,22,460000,229652,8.1555,1608064,23591120,leaves=84254;inner_nodes=5912
drift_r0.1,btree,synthetic:lognormal,drift,23,480000,239611,8.33362,1631456,23851240,leaves=85183;inner_nodes=5998
drift_r0.1,btree,synthetic:lognormal,drift,24,500000,249509,8.17982,1654304,24116120,leaves=86129;inner_nodes=6082
drift_r0.1,btree,synthetic:lognormal,drift,25,520000,259449,8.42889,1676608,24369520,leaves=87034;inner_nodes=6164
drift_r0.1,btree,synthetic:lognormal,drift,26,540000,269497,8.47188,1701360,24627400,leaves=87955;inner_nodes=6255
drift_r0.1,btree,synthetic:lognormal,drift,27,560000,279481,8.22961,1723936,24882480,leaves=88866;inner_nodes=6338
drift_r0.1,btree,synthetic:lognormal,drift,28,580000,289656,7.93336,1744064,25151280,leaves=89826;inner_nodes=6412
drift_r0.1,btree,synthetic:lognormal,drift,29,600000,299754,8.13877,1763648,25404960,leaves=90732;inner_nodes=6484
drift_r0.1,btree,synthetic:lognormal,drift,30,620000,309717,8.25963,1788128,25666480,leaves=91666;inner_nodes=6574
drift_r0.1,btree,synthetic:lognormal,drift,31,640000,319827,8.29073,1809888,25924080,leaves=92586;inner_nodes=6654
drift_r0.1,btree,synthetic:lognormal,drift,32,660000,329769,8.32726,1834096,26173000,leaves=93475;inner_nodes=6743
drift_r0.1,btree,synthetic:lognormal,drift,33,680000,339784,8.10989,1850960,26435360,leaves=94412;inner_nodes=6805
drift_r0.1,btree,synthetic:lognormal,drift,34,700000,349743,7.4192,1874896,26696040,leaves=95343;inner_nodes=6893
drift_r0.1,btree,synthetic:lognormal,drift,35,720000,359800,7.26667,1897472,26954200,leaves=96265;inner_nodes=6976
drift_r0.1,btree,synthetic:lognormal,drift,36,740000,369860,7.97355,1920048,27208160,leaves=97172;inner_nodes=7059
drift_r0.1,btree,synthetic:lognormal,drift,37,760000,379872,7.8398,1940448,27462680,leaves=98081;inner_nodes=7134
drift_r0.1,btree,synthetic:lognormal,drift,38,780000,389915,8.0171,1961392,27713840,leaves=98978;inner_nodes=7211
drift_r0.1,btree,synthetic:lognormal,drift,39,800000,400011,8.09239,1986416,27975920,leaves=99914;inner_nodes=7303
drift_r0.1,btree,synthetic:lognormal,drift,40,820000,410140,7.54919,2014432,28245280,leaves=100876;inner_nodes=7406
drift_r0.1,btree,synthetic:lognormal,drift,41,840000,420140,6.7787,2038912,28488320,leaves=101744;inner_nodes=7496
drift_r0.1,btree,synthetic:lognormal,drift,42,860000,430125,6.75552,2061216,28748720,leaves=102674;inner_nodes=7578
drift_r0.1,btree,synthetic:lognormal,drift,43,880000,439991,5.45479,2076720,28999320,leaves=103569;inner_nodes=7635
drift_r0.1,btree,synthetic:lognormal,drift,44,900000,450021,5.69652,2100112,29258880,leaves=104496;inner_nodes=7721
drift_r0.1,btree,synthetic:lognormal,drift,45,920000,459947,7.45666,2125408,29520120,leaves=105429;inner_nodes=7814
drift_r0.1,btree,synthetic:lognormal,drift,46,940000,469922,7.69453,2152064,29785000,leaves=106375;inner_nodes=7912
drift_r0.1,btree,synthetic:lognormal,drift,47,960000,479912,7.47117,2177088,30028600,leaves=107245;inner_nodes=8004
drift_r0.1,btree,synthetic:lognormal,drift,48,980000,489864,6.93752,2198032,30285360,leaves=108162;inner_nodes=8081
drift_r0.1,btree,synthetic:lognormal,drift,49,1000000,499853,7.48515,2222784,30536520,leaves=109059;inner_nodes=8172
drift_r0.1,btree,synthetic:lognormal,drift,50,1020000,509765,7.78766,2246176,30799160,leaves=109997;inner_nodes=8258
drift_r0.1,btree,synthetic:lognormal,drift,51,1040000,519751,7.95703,2267392,31064040,leaves=110943;inner_nodes=8336
drift_r0.1,btree,synthetic:lognormal,drift,52,1060000,529853,7.91766,2289152,31318560,leaves=111852;inner_nodes=8416
drift_r0.1,btree,synthetic:lognormal,drift,53,1080000,539879,7.92367,2312272,31574480,leaves=112766;inner_nodes=8501
drift_r0.1,btree,synthetic:lognormal,drift,54,1100000,549872,5.73723,2334848,31833480,leaves=113691;inner_nodes=8584
drift_r0.1,btree,synthetic:lognormal,drift,55,1120000,559967,7.17006,2360960,32093880,leaves=114621;inner_nodes=8680
drift_r0.1,btree,synthetic:lognormal,drift,56,1140000,569946,7.65843,2386800,32345600,leaves=115520;inner_nodes=8775
drift_r0.1,btree,synthetic:lognormal,drift,57,1160000,579900,7.60468,2405568,32594520,leaves=116409;inner_nodes=8844
drift_r0.1,btree,synthetic:lognormal,drift,58,1180000,590023,7.22163,2428144,32863880,leaves=117371;inner_nodes=8927
drift_r0.1,btree,synthetic:lognormal,drift,59,1200000,600068,7.23545,2453168,33125120,leaves=118304;inner_nodes=9019
drift_r0.1,btree,synthetic:lognormal,drift,60,1220000,609919,7.20905,2474928,33378240,leaves=119208;inner_nodes=9099
drift_r0.1,btree,synthetic:lognormal,drift,61,1240000,619847,7.60131,2495328,33628000,leaves=120100;inner_nodes=9174
drift_r0.1,btree,synthetic:lognormal,drift,62,1260000,629840,7.92812,2519808,33885880,leaves=121021;inner_nodes=9264
drift_r0.1,btree,synthetic:lognormal,drift,63,1280000,639813,7.5587,2543744,34149080,leaves=121961;inner_nodes=9352
drift_r0.1,btree,synthetic:lognormal,drift,64,1300000,649773,7.82396,2564144,34396040,leaves=122843;inner_nodes=9427
drift_r0.1,btree,synthetic:lognormal,drift,65,1320000,659795,7.72835,2586176,34659800,leaves=123785;inner_nodes=9508
drift_r0.1,btree,synthetic:lognormal,drift,66,1340000,669855,7.86498,2607392,34915160,leaves=124697;inner_nodes=9586
drift_r0.1,btree,synthetic:lognormal,drift,67,1360000,679891,7.73221,2635680,35168280,leaves=125601;inner_nodes=9690
drift_r0.1,btree,synthetic:lognormal,drift,68,1380000,689975,7.87815,2658528,35428960,leaves=126532;inner_nodes=9774
drift_r0.1,btree,synthetic:lognormal,drift,69,1400000,699935,7.86498,2682192,35682640,leaves=127438;inner_nodes=9861
drift_r0.1,btree,synthetic:lognormal,drift,70,1420000,709913,7.91518,2704496,35939680,leaves=128356;inner_nodes=9943
drift_r0.1,btree,synthetic:lognormal,drift,71,1440000,719848,7.35418,2727616,36195320,leaves=129269;inner_nodes=10028
drift_r0.1,btree,synthetic:lognormal,drift,72,1460000,729846,7.11765,2746112,36443120,leaves=130154;inner_nodes=10096
drift_r0.1,btree,synthetic:lognormal,drift,73,1480000,739954,5.93237,2770864,36705200,leaves=131090;inner_nodes=10187
drift_r0.1,btree,synthetic:lognormal,drift,74,1500000,749955,6.88873,2789360,36951320,leaves=131969;inner_nodes=10255
drift_r0.1,btree,synthetic:lognormal,drift,75,1520000,759995,7.13871,2811120,37212560,leaves=132902;inner_nodes=10335
drift_r0.1,btree,synthetic:lognormal,drift,76,1540000,770061,6.87985,2833424,37464560,leaves=133802;inner_nodes=10417
drift_r0.1,btree,synthetic:lognormal,drift,77,1560000,780098,6.99056,2857632,37734760,leaves=134767;inner_nodes=10506
drift_r0.1,btree,synthetic:lognormal,drift,78,1580000,790068,7.62425,2878848,37984800,leaves=135660;inner_nodes=10584
drift_r0.1,btree,synthetic:lognormal,drift,79,1600000,800018,7.92014,2898432,38236240,leaves=136558;inner_nodes=10656
drift_r0.1,btree,synthetic:lognormal,drift,80,1620000,810035,7.98882,2926992,38485160,leaves=137447;inner_nodes=10761
drift_r0.1,btree,synthetic:lognormal,drift,81,1640000,820155,7.96086,2948480,38739960,leaves=138357;inner_nodes=10840
drift_r0.1,btree,synthetic:lognormal,drift,82,1660000,830200,7.77844,2969424,38999520,leaves=139284;inner_nodes=10917
drift_r0.1,btree,synthetic:lognormal,drift,83,1680000,840231,7.64684,2992272,39253760,leaves=140192;inner_nodes=11001
drift_r0.1,btree,synthetic:lognormal,drift,84,1700000,850272,7.9774,3015664,39511640,leaves=141113;inner_nodes=11087
drift_r0.1,btree,synthetic:lognormal,drift,85,1720000,860387,7.67607,3037696,39773440,leaves=142048;inner_nodes=11168
drift_r0.1,btree,synthetic:lognormal,drift,86,1740000,870445,7.72798,3061088,40037480,leaves=142991;inner_nodes=11254
drift_r0.1,btree,synthetic:lognormal,drift,87,1760000,880401,7.84981,3083392,40280800,leaves=143860;inner_nodes=11336
drift_r0.1,btree,synthetic:lognormal,drift,88,1780000,890530,7.97329,3105696,40551000,leaves=144825;inner_nodes=11418
drift_r0.1,btree,synthetic:lognormal,drift,89,1800000,900601,7.96099,3127184,40821480,leaves=145791;inner_nodes=11497
drift_r0.1,btree,synthetic:lognormal,drift,90,1820000,910637,7.71766,3151936,41068440,leaves=146673;inner_nodes=11588
drift_r0.1,btree,synthetic:lognormal,drift,91,1840000,920694,7.52103,3175056,41329400,leaves=147605;inner_nodes=11673
drift_r0.1,btree,synthetic:lognormal,drift,92,1860000,930789,6.69428,3198448,41585320,leaves=148519;inner_nodes=11759
drift_r0.1,btree,synthetic:lognormal,drift,93,1880000,940792,5.64786,3218304,41839560,leaves=149427;inner_nodes=11832
drift_r0.1,btree,synthetic:lognormal,drift,94,1900000,950772,6.95642,3241968,42085120,leaves=150304;inner_nodes=11919
drift_r0.1,btree,synthetic:lognormal,drift,95,1920000,960827,7.34225,3266448,42341040,leaves=151218;inner_nodes=12009
drift_r0.1,btree,synthetic:lognormal,drift,96,1940000,970865,7.47186,3284672,42595280,leaves=152126;inner_nodes=12076
drift_r0.1,btree,synthetic:lognormal,drift,97,1960000,980862,7.37475,3309152,42856800,leaves=153060;inner_nodes=12166
drift_r0.1,btree,synthetic:lognormal,drift,98,1980000,990776,7.61397,3331184,43108520,leaves=153959;inner_nodes=12247
drift_r0.1,btree,synthetic:lognormal,drift,99,2000000,1000730,7.42172,3356480,43361640,leaves=154863;inner_nodes=12340
drift_r0.5,btree,synthetic:lognormal,drift,0,20000,9988,8.02863,1127168,17981320,leaves=64219;inner_nodes=4144
drift_r0.5,btree,synthetic:lognormal,drift,1,40000,20146,8.71776,1150016,18304720,leaves=65374;inner_nodes=4228
drift_r0.5,btree,synthetic:lognormal,drift,2,60000,30129,8.92475,1178576,18592560,leaves=66402;inner_nodes=4333
drift_r0.5,btree,synthetic:lognormal,drift,3,80000,40047,8.81073,1209312,18877600,leaves=67420;inner_nodes=4446
drift_r0.5,btree,synthetic:lognormal,drift,4,100000,50071,8.55386,1235696,19151720,leaves=68399;inner_nodes=4543
drift_r0.5,btree,synthetic:lognormal,drift,5,120000,59956,8.9594,1265888,19425560,leaves=69377;inner_nodes=4654
drift_r0.5,btree,synthetic:lognormal,drift,6,140000,70036,8.93555,1295264,19707240,leaves=70383;inner_nodes=4762
drift_r0.5,btree,synthetic:lognormal,drift,7,160000,80117,8.95272,1323280,19980800,leaves=71360;inner_nodes=4865
drift_r0.5,btree,synthetic:lognormal,drift,8,180000,90067,8.40469,1354560,20265280,leaves=72376;inner_nodes=4980
drift_r0.5,btree,synthetic:lognormal,drift,9,200000,99970,8.92342,1381760,20535760,leaves=73342;inner_nodes=5080
drift_r0.5,btree,synthetic:lognormal,drift,10,220000,110006,8.89944,1411136,20803720,leaves=74299;inner_nodes=5188
drift_r0.5,btree,synthetic:lognormal,drift,11,240000,119993,8.8907,1441056,21084000,leaves=75300;inner_nodes=5298
drift_r0.5,btree,synthetic:lognormal,drift,12,260000,130014,8.63449,1472880,21369600,leaves=76320;inner_nodes=5415
drift_r0.5,btree,synthetic:lognormal,drift,13,280000,139989,8.8879,1498992,21641760,leaves=77292;inner_nodes=5511
drift_r0.5,btree,synthetic:lognormal,drift,14,300000,150080,9.05472,1530000,21925120,leaves=78304;inner_nodes=5625
drift_r0.5,btree,synthetic:lognormal,drift,15,320000,160015,9.0631,1558560,22196440,leaves=79273;inner_nodes=5730
drift_r0.5,btree,synthetic:lognormal,drift,16,340000,169809,8.602,1586032,22469440,leaves=80248;inner_nodes=5831
drift_r0.5,btree,synthetic:lognormal,drift,17,360000,179718,8.9812,1615952,22747200,leaves=81240;inner_nodes=5941
drift_r0.5,btree,synthetic:lognormal,drift,18,380000,189596,8.96224,1639344,23016280,leaves=82201;inner_nodes=6027
drift_r0.5,btree,synthetic:lognormal,drift,19,400000,199634,8.66958,1671712,23287040,leaves=83168;inner_nodes=6146
drift_r0.5,btree,synthetic:lognormal,drift,20,420000,209519,8.60971,1698640,23571520,leaves=84184;inner_nodes=6245
drift_r0.5,btree,synthetic:lognormal,drift,21,440000,219614,8.72156,1733184,23856560,leaves=85202;inner_nodes=6372
drift_r0.5,btree,synthetic:lognormal,drift,22,460000,229542,8.69313,1760112,24128720,leaves=86174;inner_nodes=6471
drift_r0.5,btree,synthetic:lognormal,drift,23,480000,239548,8.45309,1789760,24415720,leaves=87199;inner_nodes=6580
drift_r0.5,btree,synthetic:lognormal,drift,24,500000,249441,8.23794,1817232,24683960,leaves=88157;inner_nodes=6681
drift_r0.5,btree,synthetic:lognormal,drift,25,520000,259522,7.91322,1847152,24966480,leaves=89166;inner_nodes=6791
drift_r0.5,btree,synthetic:lognormal,drift,26,540000,269476,8.61589,1876528,25250400,leaves=90180;inner_nodes=6899
drift_r0.5,btree,synthetic:lognormal,drift,27,560000,279531,8.38033,1906720,25521440,leaves=91148;inner_nodes=7010
drift_r0.5,btree,synthetic:lognormal,drift,28,580000,289661,8.47278,1935008,25800320,leaves=92144;inner_nodes=7114
drift_r0.5,btree,synthetic:lognormal,drift,29,600000,299773,8.54549,1965472,26080880,leaves=93146;inner_nodes=7226
drift_r0.5,btree,synthetic:lognormal,drift,30,620000,309807,8.47921,1993488,26354160,leaves=94122;inner_nodes=7329
drift_r0.5,btree,synthetic:lognormal,drift,31,640000,319778,7.9952,2023680,26636400,leaves=95130;inner_nodes=7440
drift_r0.5,btree,synthetic:lognormal,drift,32,660000,329810,7.40809,2052784,26913040,leaves=96118;inner_nodes=7547
drift_r0.5,btree,synthetic:lognormal,drift,33,680000,339772,8.17272,2083248,27188840,leaves=97103;inner_nodes=7659
drift_r0.5,btree,synthetic:lognormal,drift,34,700000,349764,7.88864,2111264,27466040,leaves=98093;inner_nodes=7762
drift_r0.5,btree,synthetic:lognormal,drift,35,720000,359744,8.13339,2137920,27736520,leaves=99059;inner_nodes=7860
drift_r0.5,btree,synthetic:lognormal,drift,36,740000,369656,8.37287,2167296,28004480,leaves=100016;inner_nodes=7968
drift_r0.5,btree,synthetic:lognormal,drift,37,760000,379541,8.16229,2198304,28287280,leaves=101026;inner_nodes=8082
drift_r0.5,btree,synthetic:lognormal,drift,38,780000,389374,8.36645,2226048,28553840,leaves=101978;inner_nodes=8184
drift_r0.5,btree,synthetic:lognormal,drift,39,800000,399420,8.25607,2255968,28827960,leaves=102957;inner_nodes=8294
drift_r0.5,btree,synthetic:lognormal,drift,40,820000,409528,7.76774,2285888,29116640,leaves=103988;inner_nodes=8404
drift_r0.5,btree,synthetic:lognormal,drift,41,840000,419556,8.21721,2313360,29393000,leaves=104975;inner_nodes=8505
drift_r0.5,btree,synthetic:lognormal,drift,42,860000,429542,8.29216,2340288,29660960,leaves=105932;inner_nodes=8604
drift_r0.5,btree,synthetic:lognormal,drift,43,880000,439467,8.1921,2369664,29935640,leaves=106913;inner_nodes=8712
drift_r0.5,btree,synthetic:lognormal,drift,44,900000,449460,8.24034,2402032,30230200,leaves=107965;inner_nodes=8831
drift_r0.5,btree,synthetic:lognormal,drift,45,920000,459408,8.28887,2429504,30492000,leaves=108900;inner_nodes=8932
drift_r0.5,btree,synthetic:lognormal,drift,46,940000,469507,7.94347,2460512,30778440,leaves=109923;inner_nodes=9046
drift_r0.5,btree,synthetic:lognormal,drift,47,960000,479441,7.11491,2489072,31046400,leaves=110880;inner_nodes=9151
drift_r0.5,btree,synthetic:lognormal,drift,48,980000,489393,7.9373,2517088,31330880,leaves=111896;inner_nodes=9254
drift_r0.5,btree,synthetic:lognormal,drift,49,1000000,499467,7.9839,2547824,31604720,leaves=112874;inner_nodes=9367
drift_r0.5,btree,synthetic:lognormal,drift,50,1020000,509516,7.99134,2577200,31889480,leaves=113891;inner_nodes=9475
drift_r0.5,btree,synthetic:lognormal,drift,51,1040000,519472,7.8985,2604944,32159960,leaves=114857;inner_nodes=9577
drift_r0.5,btree,synthetic:lognormal,drift,52,1060000,529496,8.10222,2636768,32439680,leaves=115856;inner_nodes=9694
drift_r0.5,btree,synthetic:lognormal,drift,53,1080000,539622,8.04681,2665056,32723040,leaves=116868;inner_nodes=9798
drift_r0.5,btree,synthetic:lognormal,drift,54,1100000,549677,7.59121,2694432,32999400,leaves=117855;inner_nodes=9906
drift_r0.5,btree,synthetic:lognormal,drift,55,1120000,559614,8.08312,2724624,33279400,leaves=118855;inner_nodes=10017
drift_r0.5,btree,synthetic:lognormal,drift,56,1140000,569517,8.25736,2752912,33556600,leaves=119845;inner_nodes=10121
drift_r0.5,btree,synthetic:lognormal,drift,57,1160000,579440,7.88229,2780112,33818680,leaves=120781;inner_nodes=10221
drift_r0.5,btree,synthetic:lognormal,drift,58,1180000,589461,7.82779,2808672,34109040,leaves=121818;inner_nodes=10326
drift_r0.5,btree,synthetic:lognormal,drift,59,1200000,599517,7.91922,2838048,34380360,leaves=122787;inner_nodes=10434
drift_r0.5,btree,synthetic:lognormal,drift,60,1220000,609555,7.32936,2867696,34674640,leaves=123838;inner_nodes=10543
drift_r0.5,btree,synthetic:lognormal,drift,61,1240000,619442,7.90787,2899248,34943160,leaves=124797;inner_nodes=10659
drift_r0.5,btree,synthetic:lognormal,drift,62,1260000,629445,6.7011,2925360,35220920,leaves=125789;inner_nodes=10755
drift_r0.5,btree,synthetic:lognormal,drift,63,1280000,639348,7.42586,2955008,35501200,leaves=126790;inner_nodes=10864
drift_r0.5,btree,synthetic:lognormal,drift,64,1300000,649307,7.77039,2980576,35757960,leaves=127707;inner_nodes=10958
drift_r0.5,btree,synthetic:lognormal,drift,65,1320000,659405,7.74981,3011040,36048600,leaves=128745;inner_nodes=11070
drift_r0.5,btree,synthetic:lognormal,drift,66,1340000,669397,7.81212,3042320,36326640,leaves=129738;inner_nodes=11185
drift_r0.5,btree,synthetic:lognormal,drift,67,1360000,679347,7.34529,3071424,36604680,leaves=130731;inner_nodes=11292
drift_r0.5,btree,synthetic:lognormal,drift,68,1380000,689359,7.62667,3099168,36873200,leaves=131690;inner_nodes=11394
drift_r0.5,btree,synthetic:lognormal,drift,69,1400000,699370,7.90332,3132624,37165240,leaves=132733;inner_nodes=11517
drift_r0.5,btree,synthetic:lognormal,drift,70,1420000,709299,7.96879,3159008,37438240,leaves=133708;inner_nodes=11614
drift_r0.5,btree,synthetic:lognormal,drift,71,1440000,719224,7.20126,3185392,37711800,leaves=134685;inner_nodes=11711
drift_r0.5,btree,synthetic:lognormal,drift,72,1460000,729300,7.20137,3214768,37997680,leaves=135706;inner_nodes=11819
drift_r0.5,btree,synthetic:lognormal,drift,73,1480000,739220,7.57755,3242512,38271240,leaves=136683;inner_nodes=11921
drift_r0.5,btree,synthetic:lognormal,drift,74,1500000,749259,7.68467,3274064,38558800,leaves=137710;inner_nodes=12037
drift_r0.5,btree,synthetic:lognormal,drift,75,1520000,759203,7.84057,3303440,38831240,leaves=138683;inner_nodes=12145
drift_r0.5,btree,synthetic:lognormal,drift,76,1540000,769336,7.87066,3332000,39121600,leaves=139720;inner_nodes=12250
drift_r0.5,btree,synthetic:lognormal,drift,77,1560000,779422,7.76033,3367360,39400760,leaves=140717;inner_nodes=12380
drift_r0.5,btree,synthetic:lognormal,drift,78,1580000,789397,7.78867,3395920,39682440,leaves=141723;inner_nodes=12485
drift_r0.5,btree,synthetic:lognormal,drift,79,1600000,799371,7.44244,3427200,39966080,leaves=142736;inner_nodes=12600
drift_r0.5,btree,synthetic:lognormal,drift,80,1620000,809365,7.55953,3455760,40231240,leaves=143683;inner_nodes=12705
drift_r0.5,btree,synthetic:lognormal,drift,81,1640000,819335,7.81021,3483776,40515440,leaves=144698;inner_nodes=12808
drift_r0.5,btree,synthetic:lognormal,drift,82,1660000,829324,7.93257,3514512,40778920,leaves=145639;inner_nodes=12921
drift_r0.5,btree,synthetic:lognormal,drift,83,1680000,839184,7.67988,3543344,41063960,leaves=146657;inner_nodes=13027
drift_r0.5,btree,synthetic:lognormal,drift,84,1700000,849162,7.84942,3574896,41334160,leaves=147622;inner_nodes=13143
drift_r0.5,btree,synthetic:lognormal,drift,85,1720000,859235,7.56966,3602368,41622560,leaves=148652;inner_nodes=13244
drift_r0.5,btree,synthetic:lognormal,drift,86,1740000,869319,7.50387,3632560,41902840,leaves=149653;inner_nodes=13355
drift_r0.5,btree,synthetic:lognormal,drift,87,1760000,879255,7.81008,3658944,42176960,leaves=150632;inner_nodes=13452
drift_r0.5,btree,synthetic:lognormal,drift,88,1780000,889297,7.79031,3689136,42456960,leaves=151632;inner_nodes=13563
drift_r0.5,btree,synthetic:lognormal,drift,89,1800000,899297,7.79246,3717152,42731080,leaves=152611;inner_nodes=13666
drift_r0.5,btree,synthetic:lognormal,drift,90,1820000,909315,7.62765,3747616,43008280,leaves=153601;inner_nodes=13778
drift_r0.5,btree,synthetic:lognormal,drift,91,1840000,919272,7.73258,3775904,43292480,leaves=154616;inner_nodes=13882
drift_r0.5,btree,synthetic:lognormal,drift,92,1860000,929379,7.68984,3806640,43570800,leaves=155610;inner_nodes=13995
drift_r0.5,btree,synthetic:lognormal,drift,93,1880000,939515,7.57193,3836560,43853320,leaves=156619;inner_nodes=14105
drift_r0.5,btree,synthetic:lognormal,drift,94,1900000,949722,7.60227,3863760,44138080,leaves=157636;inner_nodes=14205
drift_r0.5,btree,synthetic:lognormal,drift,95,1920000,959751,7.64684,3894768,44415000,leaves=158625;inner_nodes=14319
drift_r0.5,btree,synthetic:lognormal,drift,96,1940000,969672,6.30774,3924688,44686040,leaves=159593;inner_nodes=14429
drift_r0.5,btree,synthetic:lognormal,drift,97,1960000,979715,7.27548,3952704,44959880,leaves=160571;inner_nodes=14532
drift_r0.5,btree,synthetic:lognormal,drift,98,1980000,989732,7.2455,3980992,45242680,leaves=161581;inner_nodes=14636
drift_r0.5,btree,synthetic:lognormal,drift,99,2000000,999789,7.57648,4010096,45524920,leaves=162589;inner_nodes=14743
drift_r2,btree,synthetic:lognormal,drift,0,20000,10005,7.79449,1137504,18092760,leaves=64617;inner_nodes=4182
drift_r2,btree,synthetic:lognormal,drift,1,40000,20124,8.6914,1182112,18465440,leaves=65948;inner_nodes=4346
drift_r2,btree,synthetic:lognormal,drift,2,60000,30166,8.76504,1226720,18832800,leaves=67260;inner_nodes=4510
drift_r2,btree,synthetic:lognormal,drift,3,80000,40150,8.50355,1269968,19196520,leaves=68559;inner_nodes=4669
drift_r2,btree,synthetic:lognormal,drift,4,100000,50253,7.91687,1314848,19563880,leaves=69871;inner_nodes=4834
drift_r2,btree,synthetic:lognormal,drift,5,120000,60147,7.74643,1357824,19930400,leaves=71180;inner_nodes=4992
drift_r2,btree,synthetic:lognormal,drift,6,140000,70173,8.08952,1402976,20292160,leaves=72472;inner_nodes=5158
drift_r2,btree,synthetic:lognormal,drift,7,160000,80285,7.87828,1450304,20669600,leaves=73820;inner_nodes=5332
drift_r2,btree,synthetic:lognormal,drift,8,180000,90249,7.83405,1493824,21027160,leaves=75097;inner_nodes=5492
drift_r2,btree,synthetic:lognormal,drift,9,200000,100187,7.70033,1537888,21386960,leaves=76382;inner_nodes=5654
drift_r2,btree,synthetic:lognormal,drift,10,220000,110276,8.01055,1584400,21754320,leaves=77694;inner_nodes=5825
drift_r2,btree,synthetic:lognormal,drift,11,240000,120248,8.51729,1625744,22115800,leaves=78985;inner_nodes=5977
drift_r2,btree,synthetic:lognormal,drift,12,260000,130295,8.15578,1671168,22481200,leaves=80290;inner_nodes=6144
drift_r2,btree,synthetic:lognormal,drift,13,280000,140256,8.24445,1715776,22850800,leaves=81610;inner_nodes=6308
drift_r2,btree,synthetic:lognormal,drift,14,300000,150357,8.1367,1758752,23214520,leaves=82909;inner_nodes=6466
drift_r2,btree,synthetic:lognormal,drift,15,320000,160271,8.14664,1800912,23570120,leaves=84179;inner_nodes=6621
drift_r2,btree,synthetic:lognormal,drift,16,340000,170122,8.28072,1843616,23927120,leaves=85454;inner_nodes=6778
drift_r2,btree,synthetic:lognormal,drift,17,360000,180058,8.00748,1890672,24286640,leaves=86738;inner_nodes=6951
drift_r2,btree,synthetic:lognormal,drift,18,380000,190026,8.22256,1932016,24649520,leaves=88034;inner_nodes=7103
drift_r2,btree,synthetic:lognormal,drift,19,400000,199870,8.26404,1976352,25010720,leaves=89324;inner_nodes=7266
drift_r2,btree,synthetic:lognormal,drift,20,420000,209803,8.35408,2020960,25375280,leaves=90626;inner_nodes=7430
drift_r2,btree,synthetic:lognormal,drift,21,440000,219772,8.44446,2063936,25740680,leaves=91931;inner_nodes=7588
drift_r2,btree,synthetic:lognormal,drift,22,460000,229745,8.31731,2108544,26103560,leaves=93227;inner_nodes=7752
drift_r2,btree,synthetic:lognormal,drift,23,480000,239708,8.39572,2152880,26471480,leaves=94541;inner_nodes=7915
drift_r2,btree,synthetic:lognormal,drift,24,500000,249645,8.31054,2197488,26834080,leaves=95836;inner_nodes=8079
drift_r2,btree,synthetic:lognormal,drift,25,520000,259573,8.32769,2241280,27197800,leaves=97135;inner_nodes=8240
drift_r2,btree,synthetic:lognormal,drift,26,540000,269440,8.121,2285616,27561800,leaves=98435;inner_nodes=8403
drift_r2,btree,synthetic:lognormal,drift,27,560000,279470,8.03105,2329136,27921040,leaves=99718;inner_nodes=8563
drift_r2,btree,synthetic:lognormal,drift,28,580000,289485,8.23879,2373472,28286160,leaves=101022;inner_nodes=8726
drift_r2,btree,synthetic:lognormal,drift,29,600000,299537,8.15134,2420256,28646520,leaves=102309;inner_nodes=8898
drift_r2,btree,synthetic:lognormal,drift,30,620000,309573,8.17661,2462416,29014720,leaves=103624;inner_nodes=9053
drift_r2,btree,synthetic:lognormal,drift,31,640000,319558,8.1787,2505392,29377040,leaves=104918;inner_nodes=9211
drift_r2,btree,synthetic:lognormal,drift,32,660000,329543,8.13739,2551904,29745240,leaves=106233;inner_nodes=9382
drift_r2,btree,synthetic:lognormal,drift,33,680000,339616,7.95255,2594608,30110920,leaves=107539;inner_nodes=9539
drift_r2,btree,synthetic:lognormal,drift,34,700000,349642,6.98741,2639760,30473520,leaves=108834;inner_nodes=9705
drift_r2,btree,synthetic:lognormal,drift,35,720000,359662,5.08012,2682736,30837800,leaves=110135;inner_nodes=9863
drift_r2,btree,synthetic:lognormal,drift,36,740000,369707,7.45411,2728432,31207120,leaves=111454;inner_nodes=10031
drift_r2,btree,synthetic:lognormal,drift,37,760000,379620,7.78905,2772768,31568880,leaves=112746;inner_nodes=10194
drift_r2,btree,synthetic:lognormal,drift,38,780000,389638,7.89967,2816288,31929800,leaves=114035;inner_nodes=10354
drift_r2,btree,synthetic:lognormal,drift,39,800000,399645,7.70057,2861168,32301640,leaves=115363;inner_nodes=10519
drift_r2,btree,synthetic:lognormal,drift,40,820000,409748,7.45932,2906592,32663400,leaves=116655;inner_nodes=10686
drift_r2,btree,synthetic:lognormal,drift,41,840000,419730,7.5754,2949296,33033280,leaves=117976;inner_nodes=10843
drift_r2,btree,synthetic:lognormal,drift,42,860000,429838,7.41485,2993904,33403160,leaves=119297;inner_nodes=11007
drift_r2,btree,synthetic:lognormal,drift,43,880000,439718,7.48176,3038240,33765760,leaves=120592;inner_nodes=11170
drift_r2,btree,synthetic:lognormal,drift,44,900000,449690,7.80488,3071424,34042680,leaves=121581;inner_nodes=11292
drift_r2,btree,synthetic:lognormal,drift,45,920000,459760,8.4455,3091552,34273960,leaves=122407;inner_nodes=11366
drift_r2,btree,synthetic:lognormal,drift,46,940000,469740,8.38091,3113856,34521760,leaves=123292;inner_nodes=11448
drift_r2,btree,synthetic:lognormal,drift,47,960000,479753,8.63015,3136704,34772640,leaves=124188;inner_nodes=11532
drift_r2,btree,synthetic:lognormal,drift,48,980000,489701,8.38926,3158464,35020440,leaves=125073;inner_nodes=11612
drift_r2,btree,synthetic:lognormal,drift,49,1000000,499600,7.95769,3180496,35263760,leaves=125942;inner_nodes=11693
drift_r2,btree,synthetic:lognormal,drift,50,1020000,509569,8.37945,3204160,35515200,leaves=126840;inner_nodes=11780
drift_r2,btree,synthetic:lognormal,drift,51,1040000,519561,8.57786,3225920,35765240,leaves=127733;inner_nodes=11860
drift_r2,btree,synthetic:lognormal,drift,52,1060000,529600,8.69518,3249040,36009960,leaves=128607;inner_nodes=11945
drift_r2,btree,synthetic:lognormal,drift,53,1080000,539654,8.49813,3270256,36258320,leaves=129494;inner_nodes=12023
drift_r2,btree,synthetic:lognormal,drift,54,1100000,549665,8.65707,3291200,36506680,leaves=130381;inner_nodes=12100
drift_r2,btree,synthetic:lognormal,drift,55,1120000,559679,8.65083,3312416,36756720,leaves=131274;inner_nodes=12178
drift_r2,btree,synthetic:lognormal,drift,56,1140000,569667,8.31241,3333904,37005360,leaves=132162;inner_nodes=12257
drift_r2,btree,synthetic:lognormal,drift,57,1160000,579742,8.54747,3356208,37257360,leaves=133062;inner_nodes=12339
drift_r2,btree,synthetic:lognormal,drift,58,1180000,589765,8.52318,3378512,37505440,leaves=133948;inner_nodes=12421
drift_r2,btree,synthetic:lognormal,drift,59,1200000,599852,8.55813,3400816,37752680,leaves=134831;inner_nodes=12503
drift_r2,btree,synthetic:lognormal,drift,60,1220000,609764,8.23398,3422304,38002160,leaves=135722;inner_nodes=12582
drift_r2,btree,synthetic:lognormal,drift,61,1240000,619698,8.54412,3445424,38253320,leaves=136619;inner_nodes=12667
drift_r2,btree,synthetic:lognormal,drift,62,1260000,629644,8.40778,3466912,38497760,leaves=137492;inner_nodes=12746
drift_r2,btree,synthetic:lognormal,drift,63,1280000,639726,8.46979,3489488,38750320,leaves=138394;inner_nodes=12829
drift_r2,btree,synthetic:lognormal,drift,64,1300000,649673,8.47532,3509888,38995320,leaves=139269;inner_nodes=12904
drift_r2,btree,synthetic:lognormal,drift,65,1320000,659693,8.27658,3531104,39245080,leaves=140161;inner_nodes=12982
drift_r2,btree,synthetic:lognormal,drift,66,1340000,669598,8.69376,3553136,39488680,leaves=141031;inner_nodes=13063
drift_r2,btree,synthetic:lognormal,drift,67,1360000,679414,8.48476,3575440,39737040,leaves=141918;inner_nodes=13145
drift_r2,btree,synthetic:lognormal,drift,68,1380000,689635,8.67021,3597744,39990160,leaves=142822;inner_nodes=13227
drift_r2,btree,synthetic:lognormal,drift,69,1400000,699650,8.31284,3620864,40241320,leaves=143719;inner_nodes=13312
drift_r2,btree,synthetic:lognormal,drift,70,1420000,709584,8.42224,3643440,40486040,leaves=144593;inner_nodes=13395
drift_r2,btree,synthetic:lognormal,drift,71,1440000,719553,8.41972,3666832,40735240,leaves=145483;inner_nodes=13481
drift_r2,btree,synthetic:lognormal,drift,72,1460000,729636,8.55051,3688592,40986960,leaves=146382;inner_nodes=13561
drift_r2,btree,synthetic:lognormal,drift,73,1480000,739577,8.52016,3709808,41236720,leaves=147274;inner_nodes=13639
drift_r2,btree,synthetic:lognormal,drift,74,1500000,749669,7.74331,3732656,41487040,leaves=148168;inner_nodes=13723
drift_r2,btree,synthetic:lognormal,drift,75,1520000,759570,7.51856,3755232,41731480,leaves=149041;inner_nodes=13806
drift_r2,btree,synthetic:lognormal,drift,76,1540000,769514,7.72524,3775632,41976200,leaves=149915;inner_nodes=13881
drift_r2,btree,synthetic:lognormal,drift,77,1560000,779583,8.32452,3798208,42225680,leaves=150806;inner_nodes=13964
drift_r2,btree,synthetic:lognormal,drift,78,1580000,789582,8.18889,3821600,42472640,leaves=151688;inner_nodes=14050
drift_r2,btree,synthetic:lognormal,drift,79,1600000,799572,8.46695,3842816,42721000,leaves=152575;inner_nodes=14128
drift_r2,btree,synthetic:lognormal,drift,80,1620000,809553,8.41529,3863760,42963760,leaves=153442;inner_nodes=14205
drift_r2,btree,synthetic:lognormal,drift,81,1640000,819443,8.32062,3884432,43209600,leaves=154320;inner_nodes=14281
drift_r2,btree,synthetic:lognormal,drift,82,1660000,829450,8.11991,3907552,43454320,leaves=155194;inner_nodes=14366
drift_r2,btree,synthetic:lognormal,drift,83,1680000,839412,8.11922,3929040,43708280,leaves=156101;inner_nodes=14445
drift_r2,btree,synthetic:lognormal,drift,84,1700000,849444,8.24757,3950528,43956640,leaves=156988;inner_nodes=14524
drift_r2,btree,synthetic:lognormal,drift,85,1720000,859372,8.17021,3972288,44199400,leaves=157855;inner_nodes=14604
drift_r2,btree,synthetic:lognormal,drift,86,1740000,869429,8.18038,3994048,44448880,leaves=158746;inner_nodes=14684
drift_r2,btree,synthetic:lognormal,drift,87,1760000,879391,8.43022,4015808,44696120,leaves=159629;inner_nodes=14764
drift_r2,btree,synthetic:lognormal,drift,88,1780000,889451,8.2966,4038112,44946720,leaves=160524;inner_nodes=14846
drift_r2,btree,synthetic:lognormal,drift,89,1800000,899271,8.36995,4059872,45192280,leaves=161401;inner_nodes=14926
drift_r2,btree,synthetic:lognormal,drift,90,1820000,909235,8.39308,4082448,45442040,leaves=162293;inner_nodes=15009
drift_r2,btree,synthetic:lognormal,drift,91,1840000,919215,8.25877,4107200,45690120,leaves=163179;inner_nodes=15100
drift_r2,btree,synthetic:lognormal,drift,92,1860000,929296,8.46606,4129232,45943240,leaves=164083;inner_nodes=15181
drift_r2,btree,synthetic:lognormal,drift,93,1880000,939299,8.53698,4151264,46191040,leaves=164968;inner_nodes=15262
drift_r2,btree,synthetic:lognormal,drift,94,1900000,949301,8.29288,4172480,46440240,leaves=165858;inner_nodes=15340
drift_r2,btree,synthetic:lognormal,drift,95,1920000,959337,8.40483,4194512,46691120,leaves=166754;inner_nodes=15421
drift_r2,btree,synthetic:lognormal,drift,96,1940000,969246,8.25892,4216272,46939200,leaves=167640;inner_nodes=15501
drift_r2,btree,synthetic:lognormal,drift,97,1960000,979232,8.37419,4239392,47187840,leaves=168528;inner_nodes=15586
drift_r2,btree,synthetic:lognormal,drift,98,1980000,989274,8.34304,4261696,47430880,leaves=169396;inner_nodes=15668
drift_r2,btree,synthetic:lognormal,drift,99,2000000,999355,8.27315,4283728,47686800,leaves=170310;inner_nodes=15749
regime_band,btree,synthetic:lognormal,regime,0,20000,9990,4.58501,2092768,20076560,leaves=71702;inner_nodes=7694
regime_band,btree,synthetic:lognormal,regime,1,40000,19994,4.69139,2176272,22276520,leaves=79559;inner_nodes=8001
regime_band,btree,synthetic:lognormal,regime,2,60000,30043,5.55087,2185792,24131800,leaves=86185;inner_nodes=8036
regime_band,btree,synthetic:lognormal,regime,3,80000,40070,5.57867,2187152,25693360,leaves=91762;inner_nodes=8041
regime_band,btree,synthetic:lognormal,regime,4,100000,50037,5.91913,2190688,27011600,leaves=96470;inner_nodes=8054
regime_band,btree,synthetic:lognormal,regime,5,120000,59982,5.64454,2196128,28143920,leaves=100514;inner_nodes=8074
regime_band,btree,synthetic:lognormal,regime,6,140000,69856,5.97476,2213264,29058680,leaves=103781;inner_nodes=8137
regime_band,btree,synthetic:lognormal,regime,7,160000,79854,6.06061,2233392,29867880,leaves=106671;inner_nodes=8211
regime_band,btree,synthetic:lognormal,regime,8,180000,89797,5.94685,2260048,30544080,leaves=109086;inner_nodes=8309
regime_band,btree,synthetic:lognormal,regime,9,200000,99756,6.25334,2296768,31153080,leaves=111261;inner_nodes=8444
regime_band,btree,synthetic:lognormal,regime,10,220000,109759,6.06712,2337024,31677800,leaves=113135;inner_nodes=8592
regime_band,btree,synthetic:lognormal,regime,11,240000,119547,6.43785,2388704,32110960,leaves=114682;inner_nodes=8782
regime_band,btree,synthetic:lognormal,regime,12,260000,129609,6.55067,2436848,32491760,leaves=116042;inner_nodes=8959
regime_band,btree,synthetic:lognormal,regime,13,280000,139638,6.58463,2490432,32812640,leaves=117188;inner_nodes=9156
regime_band,btree,synthetic:lognormal,regime,14,300000,149754,6.60338,2559792,33117280,leaves=118276;inner_nodes=9411
regime_band,btree,synthetic:lognormal,regime,15,320000,159776,6.51545,2608208,33355280,leaves=119126;inner_nodes=9589
regime_band,btree,synthetic:lognormal,regime,16,340000,169758,6.59739,2664240,33574520,leaves=119909;inner_nodes=9795
regime_band,btree,synthetic:lognormal,regime,17,360000,179703,6.45369,2720272,33767440,leaves=120598;inner_nodes=10001
regime_band,btree,synthetic:lognormal,regime,18,380000,189697,6.52475,2763520,33927320,leaves=121169;inner_nodes=10160
regime_band,btree,synthetic:lognormal,regime,19,400000,199700,6.25016,2816560,34080760,leaves=121717;inner_nodes=10355
regime_band,btree,synthetic:lognormal,regime,20,420000,209781,6.34702,2854912,34196120,leaves=122129;inner_nodes=10496
regime_band,btree,synthetic:lognormal,regime,21,440000,219804,6.24602,2886192,34307280,leaves=122526;inner_nodes=10611
regime_band,btree,synthetic:lognormal,regime,22,460000,229789,6.23944,2914208,34394920,leaves=122839;inner_nodes=10714
regime_band,btree,synthetic:lognormal,regime,23,480000,239772,6.36934,2947392,34484240,leaves=123158;inner_nodes=10836
regime_band,btree,synthetic:lognormal,regime,24,500000,249776,6.45396,2972144,34556480,leaves=123416;inner_nodes=10927
regime_band,btree,synthetic:lognormal,regime,25,520000,259720,6.25032,2997712,34627880,leaves=123671;inner_nodes=11021
regime_band,btree,synthetic:lognormal,regime,26,540000,269612,6.1356,3024096,34707680,leaves=123956;inner_nodes=11118
regime_band,btree,synthetic:lognormal,regime,27,560000,279558,5.93259,3043680,34768440,leaves=124173;inner_nodes=11190
regime_band,btree,synthetic:lognormal,regime,28,580000,289667,6.306,3063808,34825840,leaves=124378;inner_nodes=11264
regime_band,btree,synthetic:lognormal,regime,29,600000,299584,6.4994,3082304,34883240,leaves=124583;inner_nodes=11332
regime_band,btree,synthetic:lognormal,regime,30,620000,309511,6.453,3096720,34938120,leaves=124779;inner_nodes=11385
regime_band,btree,synthetic:lognormal,regime,31,640000,319333,6.36301,3111408,34999160,leaves=124997;inner_nodes=11439
regime_band,btree,synthetic:lognormal,regime,32,660000,329289,6.24732,3125008,35052640,leaves=125188;inner_nodes=11489
regime_band,btree,synthetic:lognormal,regime,33,680000,339308,6.44148,3140512,35110040,leaves=125393;inner_nodes=11546
regime_band,btree,synthetic:lognormal,regime,34,700000,349306,6.42915,3154656,35172760,leaves=125617;inner_nodes=11598
regime_band,btree,synthetic:lognormal,regime,35,720000,359359,6.42003,3169344,35243320,leaves=125869;inner_nodes=11652
regime_band,btree,synthetic:lognormal,regime,36,740000,369351,6.08018,3181312,35311360,leaves=126112;inner_nodes=11696
regime_band,btree,synthetic:lognormal,regime,37,760000,379377,5.39508,3197088,35383600,leaves=126370;inner_nodes=11754
regime_band,btree,synthetic:lognormal,regime,38,780000,389342,5.30176,3212592,35469280,leaves=126676;inner_nodes=11811
regime_band,btree,synthetic:lognormal,regime,39,800000,399247,5.97595,3232448,35566440,leaves=127023;inner_nodes=11884
regime_band,btree,synthetic:lognormal,regime,40,820000,409334,6.1788,3249856,35656880,leaves=127346;inner_nodes=11948
regime_band,btree,synthetic:lognormal,regime,41,840000,419396,6.19971,3265632,35750680,leaves=127681;inner_nodes=12006
regime_band,btree,synthetic:lognormal,regime,42,860000,429354,6.09346,3282496,35851480,leaves=128041;inner_nodes=12068
regime_band,btree,synthetic:lognormal,regime,43,880000,439297,6.26722,3300992,35945280,leaves=128376;inner_nodes=12136
regime_band,btree,synthetic:lognormal,regime,44,900000,449318,6.39752,3318944,36050840,leaves=128753;inner_nodes=12202
regime_band,btree,synthetic:lognormal,regime,45,920000,459181,6.50151,3340160,36165080,leaves=129161;inner_nodes=12280
regime_band,btree,synthetic:lognormal,regime,46,940000,469196,6.40589,3367088,36291920,leaves=129614;inner_nodes=12379
regime_band,btree,synthetic:lognormal,regime,47,960000,479090,6.02092,3387760,36419600,leaves=130070;inner_nodes=12455
regime_band,btree,synthetic:lognormal,regime,48,980000,489115,6.19003,3420672,36571640,leaves=130613;inner_nodes=12576
regime_band,btree,synthetic:lognormal,regime,49,1000000,499026,5.74355,3447056,36712760,leaves=131117;inner_nodes=12673
regime_band,btree,synthetic:lognormal,regime,50,1020000,509034,7.29583,3465280,36938720,leaves=131924;inner_nodes=12740
regime_band,btree,synthetic:lognormal,regime,51,1040000,518953,7.62123,3488944,37197720,leaves=132849;inner_nodes=12827
regime_band,btree,synthetic:lognormal,regime,52,1060000,529014,7.53201,3514512,37430120,leaves=133679;inner_nodes=12921
regime_band,btree,synthetic:lognormal,regime,53,1080000,539110,7.23164,3527024,37702280,leaves=134651;inner_nodes=12967
regime_band,btree,synthetic:lognormal,regime,54,1100000,549133,7.52729,3547152,37952600,leaves=135545;inner_nodes=13041
regime_band,btree,synthetic:lognormal,regime,55,1120000,559128,7.59734,3575712,38191720,leaves=136399;inner_nodes=13146
regime_band,btree,synthetic:lognormal,regime,56,1140000,569199,7.67043,3603728,38424120,leaves=137229;inner_nodes=13249
regime_band,btree,synthetic:lognormal,regime,57,1160000,579244,7.44995,3627120,38677800,leaves=138135;inner_nodes=13335
regime_band,btree,synthetic:lognormal,regime,58,1180000,589210,7.41977,3640992,38941280,leaves=139076;inner_nodes=13386
regime_band,btree,synthetic:lognormal,regime,59,1200000,599339,7.23622,3655680,39204760,leaves=140017;inner_nodes=13440
regime_band,btree,synthetic:lognormal,regime,60,1220000,609328,7.05633,3672544,39450320,leaves=140894;inner_nodes=13502
regime_band,btree,synthetic:lognormal,regime,61,1240000,619343,7.32925,3698656,39700640,leaves=141788;inner_nodes=13598
regime_band,btree,synthetic:lognormal,regime,62,1260000,629365,7.32411,3722320,39943960,leaves=142657;inner_nodes=13685
regime_band,btree,synthetic:lognormal,regime,63,1280000,639367,7.34012,3750608,40183640,leaves=143513;inner_nodes=13789
regime_band,btree,synthetic:lognormal,regime,64,1300000,649395,7.16482,3778896,40428080,leaves=144386;inner_nodes=13893
regime_band,btree,synthetic:lognormal,regime,65,1320000,659394,7.00413,3809904,40689600,leaves=145320;inner_nodes=14007
regime_band,btree,synthetic:lognormal,regime,66,1340000,669420,7.01888,3832208,40930960,leaves=146182;inner_nodes=14089
regime_band,btree,synthetic:lognormal,regime,67,1360000,679386,7.15212,3849888,41182960,leaves=147082;inner_nodes=14154
regime_band,btree,synthetic:lognormal,regime,68,1380000,689390,7.18251,3864848,41436080,leaves=147986;inner_nodes=14209
regime_band,btree,synthetic:lognormal,regime,69,1400000,699366,7.08644,3883072,41683320,leaves=148869;inner_nodes=14276
regime_band,btree,synthetic:lognormal,regime,70,1420000,709334,7.01662,3895856,41927480,leaves=149741;inner_nodes=14323
regime_band,btree,synthetic:lognormal,regime,71,1440000,719315,6.88537,3908912,42180880,leaves=150646;inner_nodes=14371
regime_band,btree,synthetic:lognormal,regime,72,1460000,729341,6.95279,3932848,42434000,leaves=151550;inner_nodes=14459
regime_band,btree,synthetic:lognormal,regime,73,1480000,739300,6.1047,3951072,42679280,leaves=152426;inner_nodes=14526
regime_band,btree,synthetic:lognormal,regime,74,1500000,749249,6.68868,3973376,42929320,leaves=153319;inner_nodes=14608
regime_band,btree,synthetic:lognormal,regime,75,1520000,759250,6.6675,3995680,43182160,leaves=154222;inner_nodes=14690
regime_band,btree,synthetic:lognormal,regime,76,1540000,769200,6.09299,4022608,43430240,leaves=155108;inner_nodes=14789
regime_band,btree,synthetic:lognormal,regime,77,1560000,779166,5.98825,4048992,43671880,leaves=155971;inner_nodes=14886
regime_band,btree,synthetic:lognormal,regime,78,1580000,789228,5.20777,4075648,43918560,leaves=156852;inner_nodes=14984
regime_band,btree,synthetic:lognormal,regime,79,1600000,799276,5.83076,4105568,44178960,leaves=157782;inner_nodes=15094
regime_band,btree,synthetic:lognormal,regime,80,1620000,809196,5.9125,4128960,44422280,leaves=158651;inner_nodes=15180
regime_band,btree,synthetic:lognormal,regime,81,1640000,819243,5.46573,4154256,44665040,leaves=159518;inner_nodes=15273
regime_band,btree,synthetic:lognormal,regime,82,1660000,829216,5.87264,4179280,44906680,leaves=160381;inner_nodes=15365
regime_band,btree,synthetic:lognormal,regime,83,1680000,839140,5.85373,4202400,45150280,leaves=161251;inner_nodes=15450
regime_band,btree,synthetic:lognormal,regime,84,1700000,849054,6.01089,4226608,45395280,leaves=162126;inner_nodes=15539
regime_band,btree,synthetic:lognormal,regime,85,1720000,859094,5.91738,4251632,45647560,leaves=163027;inner_nodes=15631
regime_band,btree,synthetic:lognormal,regime,86,1740000,869028,5.90304,4272304,45888640,leaves=163888;inner_nodes=15707
regime_band,btree,synthetic:lognormal,regime,87,1760000,879020,5.87645,4287808,46131400,leaves=164755;inner_nodes=15764
regime_band,btree,synthetic:lognormal,regime,88,1780000,889110,5.50471,4304944,46379480,leaves=165641;inner_nodes=15827
regime_band,btree,synthetic:lognormal,regime,89,1800000,899103,5.33481,4323168,46619160,leaves=166497;inner_nodes=15894
regime_band,btree,synthetic:lognormal,regime,90,1820000,909089,5.28605,4344656,46882920,leaves=167439;inner_nodes=15973
regime_band,btree,synthetic:lognormal,regime,91,1840000,919077,5.93208,4365056,47138840,leaves=168353;inner_nodes=16048
regime_band,btree,synthetic:lognormal,regime,92,1860000,929066,6.00105,4383008,47390840,leaves=169253;inner_nodes=16114
regime_band,btree,synthetic:lognormal,regime,93,1880000,939044,6.26305,4400688,47653760,leaves=170192;inner_nodes=16179
regime_band,btree,synthetic:lognormal,regime,94,1900000,949023,6.28223,4421632,47896800,leaves=171060;inner_nodes=16256
regime_band,btree,synthetic:lognormal,regime,95,1920000,959068,6.20027,4438224,48145160,leaves=171947;inner_nodes=16317
regime_band,btree,synthetic:lognormal,regime,96,1940000,968999,5.8963,4453728,48381760,leaves=172792;inner_nodes=16374
regime_band,btree,synthetic:lognormal,regime,97,1960000,979019,5.95135,4471408,48628720,leaves=173674;inner_nodes=16439
regime_band,btree,synthetic:lognormal,regime,98,1980000,988950,6.22722,4489088,48872320,leaves=174544;inner_nodes=16504
regime_band,btree,synthetic:lognormal,regime,99,2000000,999052,6.22592,4513840,49130760,leaves=175467;inner_nodes=16595
regime_append,btree,synthetic:lognormal,regime,0,20000,9990,4.72925,2092768,20076560,leaves=71702;inner_nodes=7694
regime_append,btree,synthetic:lognormal,regime,1,40000,19994,5.17727,2176272,22276520,leaves=79559;inner_nodes=8001
regime_append,btree,synthetic:lognormal,regime,2,60000,30043,5.57323,2185792,24131800,leaves=86185;inner_nodes=8036
regime_append,btree,synthetic:lognormal,regime,3,80000,40070,5.65025,2187152,25693360,leaves=91762;inner_nodes=8041
regime_append,btree,synthetic:lognormal,regime,4,100000,50037,5.96384,2190688,27011600,leaves=96470;inner_nodes=8054
regime_append,btree,synthetic:lognormal,regime,5,120000,59982,6.12268,2196128,28143920,leaves=100514;inner_nodes=8074
regime_append,btree,synthetic:lognormal,regime,6,140000,69856,6.11574,2213264,29058680,leaves=103781;inner_nodes=8137
regime_append,btree,synthetic:lognormal,regime,7,160000,79854,5.99558,2233392,29867880,leaves=106671;inner_nodes=8211
regime_append,btree,synthetic:lognormal,regime,8,180000,89797,6.42287,2260048,30544080,leaves=109086;inner_nodes=8309
regime_append,btree,synthetic:lognormal,regime,9,200000,99756,6.43268,2296768,31153080,leaves=111261;inner_nodes=8444
regime_append,btree,synthetic:lognormal,regime,10,220000,109759,6.40812,2337024,31677800,leaves=113135;inner_nodes=8592
regime_append,btree,synthetic:lognormal,regime,11,240000,119547,6.39812,2388704,32110960,leaves=114682;inner_nodes=8782
regime_append,btree,synthetic:lognormal,regime,12,260000,129609,6.38969,2436848,32491760,leaves=116042;inner_nodes=8959
regime_append,btree,synthetic:lognormal,regime,13,280000,139638,5.76279,2490432,32812640,leaves=117188;inner_nodes=9156
regime_append,btree,synthetic:lognormal,regime,14,300000,149754,6.36073,2559792,33117280,leaves=118276;inner_nodes=9411
regime_append,btree,synthetic:lognormal,regime,15,320000,159776,6.47992,2608208,33355280,leaves=119126;inner_nodes=9589
regime_append,btree,synthetic:lognormal,regime,16,340000,169758,6.43527,2664240,33574520,leaves=119909;inner_nodes=9795
regime_append,btree,synthetic:lognormal,regime,17,360000,179703,6.35761,2720272,33767440,leaves=120598;inner_nodes=10001
regime_append,btree,synthetic:lognormal,regime,18,380000,189697,6.00435,2763520,33927320,leaves=121169;inner_nodes=10160
regime_append,btree,synthetic:lognormal,regime,19,400000,199700,6.39974,2816560,34080760,leaves=121717;inner_nodes=10355
regime_append,btree,synthetic:lognormal,regime,20,420000,209781,6.43794,2854912,34196120,leaves=122129;inner_nodes=10496
regime_append,btree,synthetic:lognormal,regime,21,440000,219804,6.49887,2886192,34307280,leaves=122526;inner_nodes=10611
regime_append,btree,synthetic:lognormal,regime,22,460000,229789,5.96622,2914208,34394920,leaves=122839;inner_nodes=10714
regime_append,btree,synthetic:lognormal,regime,23,480000,239772,4.42845,2947392,34484240,leaves=123158;inner_nodes=10836
regime_append,btree,synthetic:lognormal,regime,24,500000,249776,6.03827,2972144,34556480,leaves=123416;inner_nodes=10927
regime_append,btree,synthetic:lognormal,regime,25,520000,259720,6.3663,2997712,34627880,leaves=123671;inner_nodes=11021
regime_append,btree,synthetic:lognormal,regime,26,540000,269612,6.29673,3024096,34707680,leaves=123956;inner_nodes=11118
regime_append,btree,synthetic:lognormal,regime,27,560000,279558,6.44062,3043680,34768440,leaves=124173;inner_nodes=11190
regime_append,btree,synthetic:lognormal,regime,28,580000,289667,6.25578,3063808,34825840,leaves=124378;inner_nodes=11264
regime_append,btree,synthetic:lognormal,regime,29,600000,299584,6.42975,3082304,34883240,leaves=124583;inner_nodes=11332
regime_append,btree,synthetic:lognormal,regime,30,620000,309511,6.57201,3096720,34938120,leaves=124779;inner_nodes=11385
regime_append,btree,synthetic:lognormal,regime,31,640000,319333,6.6042,3111408,34999160,leaves=124997;inner_nodes=11439
regime_append,btree,synthetic:lognormal,regime,32,660000,329289,6.43328,3125008,35052640,leaves=125188;inner_nodes=11489
regime_append,btree,synthetic:lognormal,regime,33,680000,339308,6.38247,3140512,35110040,leaves=125393;inner_nodes=11546
regime_append,btree,synthetic:lognormal,regime,34,700000,349306,6.04329,3154656,35172760,leaves=125617;inner_nodes=11598
regime_append,btree,synthetic:lognormal,regime,35,720000,359359,5.85366,3169344,35243320,leaves=125869;inner_nodes=11652
regime_append,btree,synthetic:lognormal,regime,36,740000,369351,6.40179,3181312,35311360,leaves=126112;inner_nodes=11696
regime_append,btree,synthetic:lognormal,regime,37,760000,379377,6.36487,3197088,35383600,leaves=126370;inner_nodes=11754
regime_append,btree,synthetic:lognormal,regime,38,780000,389342,6.12682,3212592,35469280,leaves=126676;inner_nodes=11811
regime_append,btree,synthetic:lognormal,regime,39,800000,399247,6.35686,3232448,35566440,leaves=127023;inner_nodes=11884
regime_append,btree,synthetic:lognormal,regime,40,820000,409334,6.41522,3249856,35656880,leaves=127346;inner_nodes=11948
regime_append,btree,synthetic:lognormal,regime,41,840000,419396,6.42209,3265632,35750680,leaves=127681;inner_nodes=12006
regime_append,btree,synthetic:lognormal,regime,42,860000,429354,6.50715,3282496,35851480,leaves=128041;inner_nodes=12068
regime_append,btree,synthetic:lognormal,regime,43,880000,439297,6.34233,3300992,35945280,leaves=128376;inner_nodes=12136
regime_append,btree,synthetic:lognormal,regime,44,900000,449318,6.2409,3318944,36050840,leaves=128753;inner_nodes=12202
regime_append,btree,synthetic:lognormal,regime,45,920000,459181,6.51006,3340160,36165080,leaves=129161;inner_nodes=12280
regime_append,btree,synthetic:lognormal,regime,46,940000,469196,6.56482,3367088,36291920,leaves=129614;inner_nodes=12379
regime_append,btree,synthetic:lognormal,regime,47,960000,479090,6.46944,3387760,36419600,leaves=130070;inner_nodes=12455
regime_append,btree,synthetic:lognormal,regime,48,980000,489115,6.15337,3420672,36571640,leaves=130613;inner_nodes=12576
regime_append,btree,synthetic:lognormal,regime,49,1000000,499026,6.14369,3447056,36712760,leaves=131117;inner_nodes=12673
regime_append,btree,synthetic:lognormal,regime,50,1020000,508983,9.77776,3487040,37039520,leaves=132284;inner_nodes=12820
regime_append,btree,synthetic:lognormal,regime,51,1040000,519120,10.8797,3530016,37394280,leaves=133551;inner_nodes=12978
regime_append,btree,synthetic:lognormal,regime,52,1060000,529102,10.8103,3572448,37743720,leaves=134799;inner_nodes=13134
regime_append,btree,synthetic:lognormal,regime,53,1080000,539107,10.6265,3614880,38093720,leaves=136049;inner_nodes=13290
regime_append,btree,synthetic:lognormal,regime,54,1100000,549059,10.559,3657584,38442040,leaves=137293;inner_nodes=13447
regime_append,btree,synthetic:lognormal,regime,55,1120000,559059,10.4106,3699744,38792040,leaves=138543;inner_nodes=13602
regime_append,btree,synthetic:lognormal,regime,56,1140000,569042,10.6127,3741904,39141480,leaves=139791;inner_nodes=13757
regime_append,btree,synthetic:lognormal,regime,57,1160000,579003,10.5953,3784608,39490080,leaves=141036;inner_nodes=13914
regime_append,btree,synthetic:lognormal,regime,58,1180000,589056,10.6667,3827040,39842040,leaves=142293;inner_nodes=14070
regime_append,btree,synthetic:lognormal,regime,59,1200000,599013,10.418,3869472,40190360,leaves=143537;inner_nodes=14226
regime_append,btree,synthetic:lognormal,regime,60,1220000,609036,10.0509,3912176,40541200,leaves=144790;inner_nodes=14383
regime_append,btree,synthetic:lognormal,regime,61,1240000,618994,10.2483,3954336,40889800,leaves=146035;inner_nodes=14538
regime_append,btree,synthetic:lognormal,regime,62,1260000,628943,10.4425,3996496,41238120,leaves=147279;inner_nodes=14693
regime_append,btree,synthetic:lognormal,regime,63,1280000,639059,10.5185,4039472,41592040,leaves=148543;inner_nodes=14851
regime_append,btree,synthetic:lognormal,regime,64,1300000,649134,10.101,4082448,41944840,leaves=149803;inner_nodes=15009
regime_append,btree,synthetic:lognormal,regime,65,1320000,658960,9.6911,4124336,42288680,leaves=151031;inner_nodes=15163
regime_append,btree,synthetic:lognormal,regime,66,1340000,669017,9.32637,4167040,42640640,leaves=152288;inner_nodes=15320
regime_append,btree,synthetic:lognormal,regime,67,1360000,679047,9.29746,4209472,42991760,leaves=153542;inner_nodes=15476
regime_append,btree,synthetic:lognormal,regime,68,1380000,689141,10.0372,4252448,43344840,leaves=154803;inner_nodes=15634
regime_append,btree,synthetic:lognormal,regime,69,1400000,699124,10.1846,4294608,43694280,leaves=156051;inner_nodes=15789
regime_append,btree,synthetic:lognormal,regime,70,1420000,709171,10.0433,4337856,44045960,leaves=157307;inner_nodes=15948
regime_append,btree,synthetic:lognormal,regime,71,1440000,719211,10.4343,4380288,44397360,leaves=158562;inner_nodes=16104
regime_append,btree,synthetic:lognormal,regime,72,1460000,729239,10.108,4422992,44748480,leaves=159816;inner_nodes=16261
regime_append,btree,synthetic:lognormal,regime,73,1480000,739177,9.99396,4464880,45096240,leaves=161058;inner_nodes=16415
regime_append,btree,synthetic:lognormal,regime,74,1500000,749251,10.1157,4507584,45448760,leaves=162317;inner_nodes=16572
regime_append,btree,synthetic:lognormal,regime,75,1520000,759175,9.74896,4550288,45796240,leaves=163558;inner_nodes=16729
regime_append,btree,synthetic:lognormal,regime,76,1540000,769177,10.0677,4592448,46146240,leaves=164808;inner_nodes=16884
regime_append,btree,synthetic:lognormal,regime,77,1560000,779275,9.37683,4635424,46499600,leaves=166070;inner_nodes=17042
regime_append,btree,synthetic:lognormal,regime,78,1580000,789324,8.75226,4678128,46851280,leaves=167326;inner_nodes=17199
regime_append,btree,synthetic:lognormal,regime,79,1600000,799454,9.03512,4721376,47206040,leaves=168593;inner_nodes=17358
regime_append,btree,synthetic:lognormal,regime,80,1620000,809374,9.66534,4762992,47553240,leaves=169833;inner_nodes=17511
regime_append,btree,synthetic:lognormal,regime,81,1640000,819308,9.96719,4805696,47900720,leaves=171074;inner_nodes=17668
regime_append,btree,synthetic:lognormal,regime,82,1660000,829372,10.1521,4848400,48252960,leaves=172332;inner_nodes=17825
regime_append,btree,synthetic:lognormal,regime,83,1680000,839405,10.0067,4891104,48604080,leaves=173586;inner_nodes=17982
regime_append,btree,synthetic:lognormal,regime,84,1700000,849468,10.0891,4933536,48956320,leaves=174844;inner_nodes=18138
regime_append,btree,synthetic:lognormal,regime,85,1720000,859473,9.90651,4976240,49306600,leaves=176095;inner_nodes=18295
regime_append,btree,synthetic:lognormal,regime,86,1740000,869557,10.1289,5019216,49659400,leaves=177355;inner_nodes=18453
regime_append,btree,synthetic:lognormal,regime,87,1760000,879659,10.2056,5062192,50013040,leaves=178618;inner_nodes=18611
regime_append,btree,synthetic:lognormal,regime,88,1780000,889621,10.041,5104352,50361640,leaves=179863;inner_nodes=18766
regime_append,btree,synthetic:lognormal,regime,89,1800000,899727,10.2901,5147328,50715560,leaves=181127;inner_nodes=18924
regime_append,btree,synthetic:lognormal,regime,90,1820000,909711,10.0069,5189760,51065000,leaves=182375;inner_nodes=19080
regime_append,btree,synthetic:lognormal,regime,91,1840000,919702,9.65892,5232464,51414720,leaves=183624;inner_nodes=19237
regime_append,btree,synthetic:lognormal,regime,92,1860000,929711,9.8399,5274896,51765000,leaves=184875;inner_nodes=19393
regime_append,btree,synthetic:lognormal,regime,93,1880000,939758,9.84979,5317328,52116680,leaves=186131;inner_nodes=19549
regime_append,btree,synthetic:lognormal,regime,94,1900000,949659,9.615,5359488,52463040,leaves=187368;inner_nodes=19704
regime_append,btree,synthetic:lognormal,regime,95,1920000,959633,9.57281,5401648,52812200,leaves=188615;inner_nodes=19859
regime_append,btree,synthetic:lognormal,regime,96,1940000,969660,9.67391,5444896,53163040,leaves=189868;inner_nodes=20018
regime_append,btree,synthetic:lognormal,regime,97,1960000,979610,9.69579,5487056,53511360,leaves=191112;inner_nodes=20173
regime_append,btree,synthetic:lognormal,regime,98,1980000,989596,9.74144,5528944,53860800,leaves=192360;inner_nodes=20327
regime_append,btree,synthetic:lognormal,regime,99,2000000,999598,9.70363,5571648,54211080,leaves=193611;inner_nodes=20484
